id,name,category,dependency_group,applicable_markets,applicable_modules,required_datasets,catalog_source_policy,source_evidence_review,formula_review,browser_review
accrual_ratio,应计比率 Accrual Ratio,财务质量,2_company_disclosure,us_equity,data,server_fetched_verified_issuer_filing_pdf|embedded_checked_filing_facts,real_required,2026-10-04: https://www.apple.com/newsroom/pdfs/fy2025-q4/FY25_Q4_Consolidated_Financial_Statements.pdf SHA256=43e7f0730b3cce0fc37301a2f43c29712bbde6ab299d97c6df345fd0c754508a; FY2025/FY2024 unaudited; src/filing_case.rs,2026-10-04: tests/filing_case_api_test.rs; src/filing_case.rs public evaluate tests; independently checked issuer facts and report-year units,2026-10-04: web/e2e/real.spec.ts: Apple filing case; dark/light theme and narrow-screen checks passed
ad_line,Advance-Decline Line 腾落线,市场宽度,3_market_breadth,us_equity,data,fixed_dow30_2024_11_08|per_member_us_equity_daily_ohlcv|aligned_session_coverage_27_of_30,real_required,"2026-10-04: S&P DJI 2024-11-01 official constituent change; fixed 2024-11-08 Dow-30 names applied retrospectively; all 30 per-member Yahoo raw chart URLs and provenance captured in target/market-breadth-live-smoke.json, as_of=2026-10-02, coverage=30/30; not official historical index membership","2026-10-04: tests/market_breadth_api_test.rs and tests/breadth_contract_test.rs; independently re-fetched all 30 raw Yahoo responses: advances=17 declines=12 unchanged=1, up_volume=299193600 down_volume=231517500, new highs=1 new lows=1, TRIN=1.0962237327269033 and up/down ratio=1.292315267744339 match API; concept-specific warmup and P&F cases tested",2026-10-04: web/e2e/market-breadth.real.spec.ts live Chromium knowledge-card to data-practice flow verified with true provider-backed response and concept-specific visual
adl,ADL 累积派发线,成交量,shared_market_result,crypto|cn_equity|us_equity,data|backtest|compare,completed_ohlcv,real_required,,,
alligator,Alligator 鳄鱼,趋势-均线,shared_market_result,crypto|cn_equity|us_equity,data|backtest|compare,completed_ohlcv,real_required,,,
alpha,Alpha 阿尔法,风险-绩效,shared_market_result,crypto|cn_equity|us_equity,backtest|paper|compare,matched_result_bars|real_strategy_returns|same_period_benchmark_returns,result_required,,,
altman_z,Altman Z-Score,财务质量,2_company_disclosure,us_equity,data,issuer_financial_disclosures|nasdaq_historical_close_observations,real_required,2026-10-04: docs/book/valuation_cases.json: AAPL; exact original documents and canonical dated Nasdaq/FRED observations; no historical availability inferred,2026-10-04: tests/disclosure_valuation_api_test.rs + disclosure_valuation_registry_test.rs: altman_z independent worked value; assumptions explicit,"2026-10-04: web/e2e/valuation.real.spec.ts: knowledge-card navigation, source links, formula, dark/light/mobile and factor breakdown; dark/light theme and narrow-screen checks passed"
amplitude,振幅,行情,shared_market_result,crypto|cn_equity|us_equity,data|backtest|compare,completed_ohlcv,real_required,,,
anchored_vwap,Anchored VWAP 锚定 VWAP,成交量,shared_market_result,crypto|cn_equity|us_equity,data|backtest|compare,completed_ohlcv,real_required,,,
arbr,ARBR 情绪指标,动量-中国市场,shared_market_result,crypto|cn_equity|us_equity,data|backtest|compare,completed_ohlcv,real_required,,,
aroon,Aroon,趋势,shared_market_result,crypto|cn_equity|us_equity,data|backtest|compare,completed_ohlcv,real_required,,,
atr,ATR 平均真实波幅,波动率,shared_market_result,crypto|cn_equity|us_equity,data|backtest|compare,completed_ohlcv,real_required,,,
atr_percent,ATR%,波动率,shared_market_result,crypto|cn_equity|us_equity,data|backtest|compare,completed_ohlcv,real_required,,,
awesome,AO Awesome Oscillator,动量,shared_market_result,crypto|cn_equity|us_equity,data|backtest|compare,completed_ohlcv,real_required,,,
bank_nim,银行净息差 NIM,行业,2_company_disclosure,issuer_disclosure,data,server_verified_issuer_filing_pdf|embedded_page_cited_industry_facts,real_required,2026-10-04: docs/book/industry_cases.json: 2318.HK; exact document URL/SHA256/bytes and physical PDF pages; audit boundary per metric,2026-10-04: tests/industry_case_api_test.rs + industry_case_registry_test.rs: bank_nim independent worked value and units,2026-10-04: web/e2e/real.spec.ts: every historical industry case; dark/light theme and narrow-screen checks passed
bbands,Bollinger Bands 布林带,波动率,shared_market_result,crypto|cn_equity|us_equity,data|backtest|compare,completed_ohlcv,real_required,,,
bbi,BBI 多空指标,趋势-均线,shared_market_result,crypto|cn_equity|us_equity,data|backtest|compare,completed_ohlcv,real_required,,,
beneish_m,Beneish M-Score,财务质量,2_company_disclosure,us_equity,data,issuer_financial_disclosures,real_required,2026-10-04: docs/book/valuation_cases.json: AAPL; exact original documents and canonical dated Nasdaq/FRED observations; no historical availability inferred,2026-10-04: tests/disclosure_valuation_api_test.rs + disclosure_valuation_registry_test.rs: beneish_m independent worked value; assumptions explicit,"2026-10-04: web/e2e/valuation.real.spec.ts: knowledge-card navigation, source links, formula, dark/light/mobile and factor breakdown; dark/light theme and narrow-screen checks passed"
beta,Beta 贝塔,风险-绩效,shared_market_result,crypto|cn_equity|us_equity,backtest|paper|compare,matched_result_bars|real_strategy_returns|same_period_benchmark_returns,result_required,,,
bias,BIAS 乖离率,趋势-均线,shared_market_result,crypto|cn_equity|us_equity,data|backtest|compare,completed_ohlcv,real_required,,,
bid_ask_spread,买卖价差 Spread,盘口,shared_market_result,crypto,data,server_fetched_binance_usdt_spot_depth_snapshot,real_required,,,
book_52w_range,52周区间,原书教学输入,shared_market_result,cn_equity|us_equity,data,server_fetched_completed_daily_ohlcv_364_calendar_days|pre_window_daily_observation|at_least_180_window_observations,real_required,,,
book_accelerator,Accelerator Oscillator,原书补充·技术实践,shared_market_result,crypto|cn_equity|us_equity,data|backtest|compare,completed_ohlcv,real_required,,,
book_active_contract_addresses,Active addresses with contracts,衍生品与链上,4_derivatives_chain_history,crypto,data,timestamped_derivatives_or_blockchain_observations,evidence_required,,,
book_active_supply,1 year active supply %,衍生品与链上,4_derivatives_chain_history,crypto,data,timestamped_derivatives_or_blockchain_observations,evidence_required,,,
book_adjustment,复权价格,公司行动,1_stock_history_execution,us_equity,data,dated_corporate_actions|provider_quote|provider_adjusted_close,real_required,2026-09-30 Apple https://www.apple.com/newsroom/2020/07/apple-reports-third-quarter-results/ ; Yahoo https://query1.finance.yahoo.com/v8/finance/chart/AAPL period1=1595808000 period2=1601510400,Dated 4:1 event gives old/new price multiplier 1/4; independent literals in tests/practice_api_test.rs,web/e2e/real.spec.ts independently opens issuer and provider; light dark mobile reviewed
book_adr,ADR,原书补充·技术实践,shared_market_result,crypto|cn_equity|us_equity,data|backtest|compare,completed_ohlcv,real_required,,,
book_advance_decline_ratio,涨跌比,原书补充·技术实践,shared_market_result,crypto|cn_equity|us_equity,data,documented_input_or_market_snapshot,evidence_required,,,
book_advances_declines,涨跌家数,原书补充·技术实践,shared_market_result,crypto|cn_equity|us_equity,data,documented_input_or_market_snapshot,evidence_required,,,
book_airline_casm,航空 CASM,原书行业专属指标,2_company_disclosure,issuer_disclosure,data,server_verified_issuer_filing_pdf|embedded_page_cited_industry_facts,real_required,2026-10-04: docs/book/industry_cases.json: DAL; exact document URL/SHA256/bytes and physical PDF pages; audit boundary per metric,2026-10-04: tests/industry_case_api_test.rs + industry_case_registry_test.rs: book_airline_casm independent worked value and units,2026-10-04: web/e2e/real.spec.ts: every historical industry case; dark/light theme and narrow-screen checks passed
book_airline_load_factor,航空客座率,原书行业专属指标,2_company_disclosure,issuer_disclosure,data,server_verified_issuer_filing_pdf|embedded_page_cited_industry_facts,real_required,2026-10-04: docs/book/industry_cases.json: DAL; exact document URL/SHA256/bytes and physical PDF pages; audit boundary per metric,2026-10-04: tests/industry_case_api_test.rs + industry_case_registry_test.rs: book_airline_load_factor independent worked value and units,2026-10-04: web/e2e/real.spec.ts: every historical industry case; dark/light theme and narrow-screen checks passed
book_airline_rasm,航空 RASM,原书行业专属指标,2_company_disclosure,issuer_disclosure,data,server_verified_issuer_filing_pdf|embedded_page_cited_industry_facts,real_required,2026-10-04: docs/book/industry_cases.json: DAL; exact document URL/SHA256/bytes and physical PDF pages; audit boundary per metric,2026-10-04: tests/industry_case_api_test.rs + industry_case_registry_test.rs: book_airline_rasm independent worked value and units,2026-10-04: web/e2e/real.spec.ts: every historical industry case; dark/light theme and narrow-screen checks passed
book_alma,ALMA,原书补充·技术实践,shared_market_result,crypto|cn_equity|us_equity,data|backtest|compare,completed_ohlcv,real_required,,,
book_annualized_volatility,年化波动率,原书补充·技术实践,shared_market_result,crypto|cn_equity|us_equity,data,completed_ohlcv_with_source_cadence,real_required,,,
book_aroon_oscillator,Aroon Oscillator,原书补充·技术实践,shared_market_result,crypto|cn_equity|us_equity,data|backtest|compare,completed_ohlcv,real_required,,,
book_asset_turnover,资产周转率,原书教学输入,2_company_disclosure,us_equity,data,server_fetched_verified_issuer_filing_pdf|embedded_checked_filing_facts,real_required,2026-10-04: https://www.apple.com/newsroom/pdfs/fy2025-q4/FY25_Q4_Consolidated_Financial_Statements.pdf SHA256=43e7f0730b3cce0fc37301a2f43c29712bbde6ab299d97c6df345fd0c754508a; FY2025/FY2024 unaudited; src/filing_case.rs,2026-10-04: tests/filing_case_api_test.rs; src/filing_case.rs public evaluate tests; independently checked issuer facts and report-year units,2026-10-04: web/e2e/real.spec.ts: Apple filing case; dark/light theme and narrow-screen checks passed
book_auto_anchored_vwap,VWAP Auto Anchored,原书补充·技术实践,shared_market_result,crypto|cn_equity|us_equity,data|backtest|compare,completed_ohlcv,real_required,,,
book_auto_fib,Auto Fib Extension / Auto Fib Retracement,原书补充·技术实践,shared_market_result,crypto|cn_equity|us_equity,data|backtest|compare,completed_ohlcv,real_required,,,
book_auto_key_levels,Auto key levels,原书补充·技术实践,shared_market_result,crypto|cn_equity|us_equity,data|backtest|compare,completed_ohlcv,real_required,,,
book_auto_trendlines,Auto Trendlines,原书补充·技术实践,shared_market_result,crypto|cn_equity|us_equity,data|backtest|compare,completed_ohlcv,real_required,,,
book_backtest_data_audit,回测结果容易被污染,原书补充·技术实践,shared_market_result,crypto|cn_equity|us_equity,data,documented_input_or_market_snapshot,evidence_required,,,
book_bank_cet1_ratio,银行 CET1 资本充足率,原书行业专属指标,2_company_disclosure,issuer_disclosure,data,server_verified_issuer_filing_pdf|embedded_page_cited_industry_facts,real_required,2026-10-04: docs/book/industry_cases.json: 2318.HK; exact document URL/SHA256/bytes and physical PDF pages; audit boundary per metric,2026-10-04: tests/industry_case_api_test.rs + industry_case_registry_test.rs: book_bank_cet1_ratio independent worked value and units,2026-10-04: web/e2e/real.spec.ts: every historical industry case; dark/light theme and narrow-screen checks passed
book_bank_cost_income,银行成本收入比,原书行业专属指标,2_company_disclosure,issuer_disclosure,data,server_verified_issuer_filing_pdf|embedded_page_cited_industry_facts,real_required,2026-10-04: docs/book/industry_cases.json: 2318.HK; exact document URL/SHA256/bytes and physical PDF pages; audit boundary per metric,2026-10-04: tests/industry_case_api_test.rs + industry_case_registry_test.rs: book_bank_cost_income independent worked value and units,2026-10-04: web/e2e/real.spec.ts: every historical industry case; dark/light theme and narrow-screen checks passed
book_bank_nim,银行净息差 NIM,原书行业专属指标,2_company_disclosure,issuer_disclosure,data,server_verified_issuer_filing_pdf|embedded_page_cited_industry_facts,real_required,2026-10-04: docs/book/industry_cases.json: 2318.HK; exact document URL/SHA256/bytes and physical PDF pages; audit boundary per metric,2026-10-04: tests/industry_case_api_test.rs + industry_case_registry_test.rs: book_bank_nim independent worked value and units,2026-10-04: web/e2e/real.spec.ts: every historical industry case; dark/light theme and narrow-screen checks passed
book_bank_npl_ratio,银行不良贷款率 NPL,原书行业专属指标,2_company_disclosure,issuer_disclosure,data,server_verified_issuer_filing_pdf|embedded_page_cited_industry_facts,real_required,2026-10-04: docs/book/industry_cases.json: 2318.HK; exact document URL/SHA256/bytes and physical PDF pages; audit boundary per metric,2026-10-04: tests/industry_case_api_test.rs + industry_case_registry_test.rs: book_bank_npl_ratio independent worked value and units,2026-10-04: web/e2e/real.spec.ts: every historical industry case; dark/light theme and narrow-screen checks passed
book_bank_provision_coverage,银行拨备覆盖率,原书行业专属指标,2_company_disclosure,issuer_disclosure,data,server_verified_issuer_filing_pdf|embedded_page_cited_industry_facts,real_required,2026-10-04: docs/book/industry_cases.json: 2318.HK; exact document URL/SHA256/bytes and physical PDF pages; audit boundary per metric,2026-10-04: tests/industry_case_api_test.rs + industry_case_registry_test.rs: book_bank_provision_coverage independent worked value and units,2026-10-04: web/e2e/real.spec.ts: every historical industry case; dark/light theme and narrow-screen checks passed
book_basis,Basis,衍生品与链上,4_derivatives_chain_history,crypto,data,timestamped_derivatives_or_blockchain_observations,evidence_required,,,
book_bbtrend,BBTrend,原书补充·技术实践,shared_market_result,crypto|cn_equity|us_equity,data|backtest|compare,completed_ohlcv,real_required,,,
book_biopharma_cash_runway,生物医药 Cash Runway,原书行业专属指标,2_company_disclosure,issuer_disclosure,data,server_verified_issuer_filing_pdf|embedded_page_cited_industry_facts,real_required,2026-10-04: docs/book/industry_cases.json: MRNA; exact document URL/SHA256/bytes and physical PDF pages; audit boundary per metric,2026-10-04: tests/industry_case_api_test.rs + industry_case_registry_test.rs: book_biopharma_cash_runway independent worked value and units,2026-10-04: web/e2e/real.spec.ts: every historical industry case; dark/light theme and narrow-screen checks passed
book_block_height,Block height / Blocks mined,衍生品与链上,4_derivatives_chain_history,crypto,data,server_fetched_bitcoin_mainnet_blocks,real_required,,,
book_block_interval,Mean / Median block interval,衍生品与链上,4_derivatives_chain_history,crypto,data,server_fetched_bitcoin_mainnet_blocks,real_required,,,
book_block_size,Mean block size in bytes / Total block size in bytes,衍生品与链上,4_derivatives_chain_history,crypto,data,server_fetched_bitcoin_mainnet_blocks,real_required,,,
book_bollinger_bars,Bollinger Bars,原书补充·技术实践,shared_market_result,crypto|cn_equity|us_equity,data|backtest|compare,completed_ohlcv,real_required,,,
book_booker_reversal,Rob Booker Reversal,原书补充·技术实践,shared_market_result,crypto|cn_equity|us_equity,data,documented_input_or_market_snapshot,evidence_required,,,
book_cape,CAPE 周期调整市盈率,基本面与估值,2_company_disclosure,us_equity,data,issuer_financial_disclosures|nasdaq_historical_close_observations|ten_year_diluted_eps_split_adjusted_history|fred_cpiaucsl_revised_snapshot_post_revisions,real_required,"2026-10-04: docs/book/valuation_cases.json: AAPL; exact original documents and canonical dated Nasdaq/FRED observations; no historical availability inferred; CPI snapshot retrieved 2026-10-03 after revisions; retrospective case, not historical real-time vintage",2026-10-04: tests/disclosure_valuation_api_test.rs + disclosure_valuation_registry_test.rs: book_cape independent worked value; assumptions explicit,"2026-10-04: web/e2e/valuation.real.spec.ts: knowledge-card navigation, source links, formula, dark/light/mobile and factor breakdown; dark/light theme and narrow-screen checks passed"
book_capex,资本开支,原书教学输入,2_company_disclosure,us_equity,data,server_fetched_verified_issuer_filing_pdf|embedded_checked_filing_facts,real_required,2026-10-04: https://www.apple.com/newsroom/pdfs/fy2025-q4/FY25_Q4_Consolidated_Financial_Statements.pdf SHA256=43e7f0730b3cce0fc37301a2f43c29712bbde6ab299d97c6df345fd0c754508a; FY2025/FY2024 unaudited; src/filing_case.rs,2026-10-04: tests/filing_case_api_test.rs; src/filing_case.rs public evaluate tests; independently checked issuer facts and report-year units,2026-10-04: web/e2e/real.spec.ts: Apple filing case; dark/light theme and narrow-screen checks passed
book_cash_ratio,现金比率,原书教学输入,2_company_disclosure,us_equity,data,server_fetched_verified_issuer_filing_pdf|embedded_checked_filing_facts,real_required,2026-10-04: https://www.apple.com/newsroom/pdfs/fy2025-q4/FY25_Q4_Consolidated_Financial_Statements.pdf SHA256=43e7f0730b3cce0fc37301a2f43c29712bbde6ab299d97c6df345fd0c754508a; FY2025/FY2024 unaudited; src/filing_case.rs,2026-10-04: tests/filing_case_api_test.rs; src/filing_case.rs public evaluate tests; independently checked issuer facts and report-year units,2026-10-04: web/e2e/real.spec.ts: Apple filing case; dark/light theme and narrow-screen checks passed
book_ccc,现金转换周期,原书教学输入,2_company_disclosure,us_equity,data,server_fetched_verified_issuer_filing_pdf|embedded_checked_filing_facts,real_required,2026-10-04: https://www.apple.com/newsroom/pdfs/fy2025-q4/FY25_Q4_Consolidated_Financial_Statements.pdf SHA256=43e7f0730b3cce0fc37301a2f43c29712bbde6ab299d97c6df345fd0c754508a; FY2025/FY2024 unaudited; src/filing_case.rs,2026-10-04: tests/filing_case_api_test.rs; src/filing_case.rs public evaluate tests; independently checked issuer facts and report-year units,2026-10-04: web/e2e/real.spec.ts: Apple filing case; dark/light theme and narrow-screen checks passed
book_cdp,CDP,原书补充·技术实践,shared_market_result,cn_equity,data,two_ordered_completed_a_share_daily_ohlcv,real_required,,,
book_cfo,经营现金流,原书教学输入,2_company_disclosure,us_equity,data,server_fetched_verified_issuer_filing_pdf|embedded_checked_filing_facts,real_required,2026-10-04: https://www.apple.com/newsroom/pdfs/fy2025-q4/FY25_Q4_Consolidated_Financial_Statements.pdf SHA256=43e7f0730b3cce0fc37301a2f43c29712bbde6ab299d97c6df345fd0c754508a; FY2025/FY2024 unaudited; src/filing_case.rs,2026-10-04: tests/filing_case_api_test.rs; src/filing_case.rs public evaluate tests; independently checked issuer facts and report-year units,2026-10-04: web/e2e/real.spec.ts: Apple filing case; dark/light theme and narrow-screen checks passed
book_cfo_income,CFO/净利润,原书教学输入,2_company_disclosure,us_equity,data,server_fetched_verified_issuer_filing_pdf|embedded_checked_filing_facts,real_required,2026-10-04: https://www.apple.com/newsroom/pdfs/fy2025-q4/FY25_Q4_Consolidated_Financial_Statements.pdf SHA256=43e7f0730b3cce0fc37301a2f43c29712bbde6ab299d97c6df345fd0c754508a; FY2025/FY2024 unaudited; src/filing_case.rs,2026-10-04: tests/filing_case_api_test.rs; src/filing_case.rs public evaluate tests; independently checked issuer facts and report-year units,2026-10-04: web/e2e/real.spec.ts: Apple filing case; dark/light theme and narrow-screen checks passed
book_chande_kroll,Chande Kroll Stop,原书补充·技术实践,shared_market_result,crypto|cn_equity|us_equity,data|backtest|compare,completed_ohlcv,real_required,,,
book_chandelier_exit,Chandelier Exit,原书补充·技术实践,shared_market_result,crypto|cn_equity|us_equity,data|backtest|compare,completed_ohlcv,real_required,,,
book_chart_heikin_ashi,Heikin-Ashi 平均K线,原书非标准图表,shared_market_result,crypto|cn_equity|us_equity,data|backtest|compare,completed_ohlcv,real_required,,,
book_chart_kagi,Kagi 线,原书非标准图表,shared_market_result,crypto|cn_equity|us_equity,data|backtest|compare,completed_ohlcv,real_required,,,
book_chart_pattern_validation,自动形态识别,原书补充·技术实践,shared_market_result,crypto|cn_equity|us_equity,data,documented_input_or_market_snapshot,evidence_required,,,
book_chart_point_figure,点数图 P&F,原书非标准图表,shared_market_result,crypto|cn_equity|us_equity,data|backtest|compare,completed_ohlcv,real_required,,,
book_chart_range_bars,Range Bars 区间K线,原书非标准图表,shared_market_result,crypto|cn_equity|us_equity,data,documented_input_or_market_snapshot,evidence_required,,,
book_chart_renko,Renko 固定砖,原书非标准图表,shared_market_result,crypto|cn_equity|us_equity,data|backtest|compare,completed_ohlcv,real_required,,,
book_chart_three_line_break,三线突破,原书非标准图表,shared_market_result,crypto|cn_equity|us_equity,data|backtest|compare,completed_ohlcv,real_required,,,
book_chart_tick_bars,Tick Bars 成交笔数K线,原书非标准图表,shared_market_result,crypto|cn_equity|us_equity,data,documented_input_or_market_snapshot,evidence_required,,,
book_chop_zone,Chop Zone,原书补充·技术实践,shared_market_result,crypto|cn_equity|us_equity,data|backtest|compare,completed_ohlcv,real_required,,,
book_choppiness,Choppiness Index (CHOP),原书补充·技术实践,shared_market_result,crypto|cn_equity|us_equity,data|backtest|compare,completed_ohlcv,real_required,,,
book_cointegration_diagnostic,协整 Cointegration,原书补充·技术实践,shared_market_result,crypto,data,server_fetched_aligned_binance_usdt_spot_hourly_pair,real_required,,,
book_combined_analysis,组合读图：质量、估值、趋势与仓位,组合分析与数据口径,shared_market_result,crypto|cn_equity|us_equity,data,documented_input_or_market_snapshot,evidence_required,,,
book_connors_rsi,Connors RSI (CRSI),原书补充·技术实践,shared_market_result,crypto|cn_equity|us_equity,data|backtest|compare,completed_ohlcv,real_required,,,
book_cumulative_volume_index,Cumulative Volume Index (CVI),原书补充·技术实践,shared_market_result,crypto|cn_equity|us_equity,data,documented_input_or_market_snapshot,evidence_required,,,
book_current_ratio,流动比率,原书财务计算,2_company_disclosure,us_equity,data,server_fetched_verified_issuer_filing_pdf|embedded_checked_filing_facts,real_required,2026-10-04: https://www.apple.com/newsroom/pdfs/fy2025-q4/FY25_Q4_Consolidated_Financial_Statements.pdf SHA256=43e7f0730b3cce0fc37301a2f43c29712bbde6ab299d97c6df345fd0c754508a; FY2025/FY2024 unaudited; src/filing_case.rs,2026-10-04: tests/filing_case_api_test.rs; src/filing_case.rs public evaluate tests; independently checked issuer facts and report-year units,2026-10-04: web/e2e/real.spec.ts: Apple filing case; dark/light theme and narrow-screen checks passed
book_data_conventions,数据口径与可复现性核对,组合分析与数据口径,shared_market_result,crypto|cn_equity|us_equity,data,documented_input_or_market_snapshot,evidence_required,,,
book_dcf,DCF/目标价,原书教学输入,2_company_disclosure,us_equity,data,issuer_financial_disclosures|explicit_model_assumptions,real_required,2026-10-04: docs/book/valuation_cases.json: AAPL; exact original documents and canonical dated Nasdaq/FRED observations; no historical availability inferred,2026-10-04: tests/disclosure_valuation_api_test.rs + disclosure_valuation_registry_test.rs: book_dcf independent worked value; assumptions explicit,"2026-10-04: web/e2e/valuation.real.spec.ts: knowledge-card navigation, source links, formula, dark/light/mobile and factor breakdown; dark/light theme and narrow-screen checks passed"
book_de_ratio,负债权益比,原书教学输入,2_company_disclosure,us_equity,data,server_fetched_verified_issuer_filing_pdf|embedded_checked_filing_facts,real_required,2026-10-04: https://www.apple.com/newsroom/pdfs/fy2025-q4/FY25_Q4_Consolidated_Financial_Statements.pdf SHA256=43e7f0730b3cce0fc37301a2f43c29712bbde6ab299d97c6df345fd0c754508a; FY2025/FY2024 unaudited; src/filing_case.rs,2026-10-04: tests/filing_case_api_test.rs; src/filing_case.rs public evaluate tests; independently checked issuer facts and report-year units,2026-10-04: web/e2e/real.spec.ts: Apple filing case; dark/light theme and narrow-screen checks passed
book_debt_ratio,资产负债率,原书教学输入,2_company_disclosure,us_equity,data,server_fetched_verified_issuer_filing_pdf|embedded_checked_filing_facts,real_required,2026-10-04: https://www.apple.com/newsroom/pdfs/fy2025-q4/FY25_Q4_Consolidated_Financial_Statements.pdf SHA256=43e7f0730b3cce0fc37301a2f43c29712bbde6ab299d97c6df345fd0c754508a; FY2025/FY2024 unaudited; src/filing_case.rs,2026-10-04: tests/filing_case_api_test.rs; src/filing_case.rs public evaluate tests; independently checked issuer facts and report-year units,2026-10-04: web/e2e/real.spec.ts: Apple filing case; dark/light theme and narrow-screen checks passed
book_difficulty_hashrate,Difficulty / Hash Rate,衍生品与链上,4_derivatives_chain_history,crypto,data,timestamped_derivatives_or_blockchain_observations,evidence_required,,,
book_diluted_shares,稀释股数与每股收益,原书教学输入,2_company_disclosure,us_equity,data,server_fetched_verified_issuer_filing_pdf|embedded_checked_filing_facts,real_required,2026-10-04: https://www.apple.com/newsroom/pdfs/fy2025-q4/FY25_Q4_Consolidated_Financial_Statements.pdf SHA256=43e7f0730b3cce0fc37301a2f43c29712bbde6ab299d97c6df345fd0c754508a; FY2025/FY2024 unaudited; src/filing_case.rs,2026-10-04: tests/filing_case_api_test.rs; src/filing_case.rs public evaluate tests; independently checked issuer facts and report-year units,2026-10-04: web/e2e/real.spec.ts: Apple filing case; dark/light theme and narrow-screen checks passed
book_dividend_yield,股息率,原书财务计算,2_company_disclosure,us_equity,data,issuer_financial_disclosures|nasdaq_historical_close_observations,real_required,2026-10-04: docs/book/valuation_cases.json: AAPL; exact original documents and canonical dated Nasdaq/FRED observations; no historical availability inferred,2026-10-04: tests/disclosure_valuation_api_test.rs + disclosure_valuation_registry_test.rs: book_dividend_yield independent worked value; assumptions explicit,"2026-10-04: web/e2e/valuation.real.spec.ts: knowledge-card navigation, source links, formula, dark/light/mobile and factor breakdown; dark/light theme and narrow-screen checks passed"
book_dma,DMA,原书补充·技术实践,shared_market_result,crypto|cn_equity|us_equity,data|backtest|compare,completed_ohlcv,real_required,,,
book_dpo,应付账款天数,原书教学输入,2_company_disclosure,us_equity,data,server_fetched_verified_issuer_filing_pdf|embedded_checked_filing_facts,real_required,2026-10-04: https://www.apple.com/newsroom/pdfs/fy2025-q4/FY25_Q4_Consolidated_Financial_Statements.pdf SHA256=43e7f0730b3cce0fc37301a2f43c29712bbde6ab299d97c6df345fd0c754508a; FY2025/FY2024 unaudited; src/filing_case.rs,2026-10-04: tests/filing_case_api_test.rs; src/filing_case.rs public evaluate tests; independently checked issuer facts and report-year units,2026-10-04: web/e2e/real.spec.ts: Apple filing case; dark/light theme and narrow-screen checks passed
book_earnings_yield,盈利收益率,原书财务计算,2_company_disclosure,us_equity,data,issuer_financial_disclosures|nasdaq_historical_close_observations,real_required,2026-10-04: docs/book/valuation_cases.json: AAPL; exact original documents and canonical dated Nasdaq/FRED observations; no historical availability inferred,2026-10-04: tests/disclosure_valuation_api_test.rs + disclosure_valuation_registry_test.rs: book_earnings_yield independent worked value; assumptions explicit,"2026-10-04: web/e2e/valuation.real.spec.ts: knowledge-card navigation, source links, formula, dark/light/mobile and factor breakdown; dark/light theme and narrow-screen checks passed"
book_ebit_margin,EBIT Margin,原书财务计算,2_company_disclosure,us_equity,data,server_fetched_verified_issuer_filing_pdf|embedded_checked_filing_facts,real_required,2026-10-04: https://www.apple.com/newsroom/pdfs/fy2025-q4/FY25_Q4_Consolidated_Financial_Statements.pdf SHA256=43e7f0730b3cce0fc37301a2f43c29712bbde6ab299d97c6df345fd0c754508a; FY2025/FY2024 unaudited; src/filing_case.rs,2026-10-04: tests/filing_case_api_test.rs; src/filing_case.rs public evaluate tests; independently checked issuer facts and report-year units,2026-10-04: web/e2e/real.spec.ts: Apple filing case; dark/light theme and narrow-screen checks passed
book_ebitda_margin,EBITDA利润率,原书教学输入,2_company_disclosure,us_equity,data,issuer_financial_disclosures,real_required,2026-10-04: docs/book/valuation_cases.json: AAPL; exact original documents and canonical dated Nasdaq/FRED observations; no historical availability inferred,2026-10-04: tests/disclosure_valuation_api_test.rs + disclosure_valuation_registry_test.rs: book_ebitda_margin independent worked value; assumptions explicit,"2026-10-04: web/e2e/valuation.real.spec.ts: knowledge-card navigation, source links, formula, dark/light/mobile and factor breakdown; dark/light theme and narrow-screen checks passed"
book_emv,EMV / EOM,原书补充·技术实践,shared_market_result,crypto|cn_equity|us_equity,data|backtest|compare,completed_ohlcv,real_required,,,
book_energy_lifting_cost,能源 Lifting Cost,原书行业专属指标,2_company_disclosure,issuer_disclosure,data,server_verified_issuer_filing_pdf|embedded_page_cited_industry_facts,real_required,2026-10-04: docs/book/industry_cases.json: PBR; exact document URL/SHA256/bytes and physical PDF pages; audit boundary per metric,2026-10-04: tests/industry_case_api_test.rs + industry_case_registry_test.rs: book_energy_lifting_cost independent worked value and units,2026-10-04: web/e2e/real.spec.ts: every historical industry case; dark/light theme and narrow-screen checks passed
book_energy_reserve_life,能源储量寿命,原书行业专属指标,2_company_disclosure,issuer_disclosure,data,server_verified_issuer_filing_pdf|embedded_page_cited_industry_facts,real_required,2026-10-04: docs/book/industry_cases.json: PBR; exact document URL/SHA256/bytes and physical PDF pages; audit boundary per metric,2026-10-04: tests/industry_case_api_test.rs + industry_case_registry_test.rs: book_energy_reserve_life independent worked value and units,2026-10-04: web/e2e/real.spec.ts: every historical industry case; dark/light theme and narrow-screen checks passed
book_etf_balances,ETF balances / US spot crypto ETF balances,衍生品与链上,4_derivatives_chain_history,us_equity,data,dated_crypto_etf_holdings_or_flows|etf_symbol,evidence_required,,,
book_etf_flows,ETF flows / US spot crypto ETF flows,衍生品与链上,4_derivatives_chain_history,us_equity,data,dated_crypto_etf_holdings_or_flows|etf_symbol,evidence_required,,,
book_eth_depositors,Ethereum new unique depositors / total unique depositors,衍生品与链上,4_derivatives_chain_history,crypto,data,timestamped_derivatives_or_blockchain_observations,evidence_required,,,
book_eth_deposits,Ethereum new deposits / total number of deposits,衍生品与链上,4_derivatives_chain_history,crypto,data,timestamped_derivatives_or_blockchain_observations,evidence_required,,,
book_eth_staked,Ethereum new value staked / total value staked,衍生品与链上,4_derivatives_chain_history,crypto,data,timestamped_derivatives_or_blockchain_observations,evidence_required,,,
book_ev,企业价值 EV,原书财务计算,2_company_disclosure,us_equity,data,issuer_financial_disclosures|nasdaq_historical_close_observations,real_required,2026-10-04: docs/book/valuation_cases.json: AAPL; exact original documents and canonical dated Nasdaq/FRED observations; no historical availability inferred,2026-10-04: tests/disclosure_valuation_api_test.rs + disclosure_valuation_registry_test.rs: book_ev independent worked value; assumptions explicit,"2026-10-04: web/e2e/valuation.real.spec.ts: knowledge-card navigation, source links, formula, dark/light/mobile and factor breakdown; dark/light theme and narrow-screen checks passed"
book_ev_ebit,EV/EBIT,原书财务计算,2_company_disclosure,us_equity,data,issuer_financial_disclosures|nasdaq_historical_close_observations,real_required,2026-10-04: docs/book/valuation_cases.json: AAPL; exact original documents and canonical dated Nasdaq/FRED observations; no historical availability inferred,2026-10-04: tests/disclosure_valuation_api_test.rs + disclosure_valuation_registry_test.rs: book_ev_ebit independent worked value; assumptions explicit,"2026-10-04: web/e2e/valuation.real.spec.ts: knowledge-card navigation, source links, formula, dark/light/mobile and factor breakdown; dark/light theme and narrow-screen checks passed"
book_ev_sales,EV/Sales,原书财务计算,2_company_disclosure,us_equity,data,issuer_financial_disclosures|nasdaq_historical_close_observations,real_required,2026-10-04: docs/book/valuation_cases.json: AAPL; exact original documents and canonical dated Nasdaq/FRED observations; no historical availability inferred,2026-10-04: tests/disclosure_valuation_api_test.rs + disclosure_valuation_registry_test.rs: book_ev_sales independent worked value; assumptions explicit,"2026-10-04: web/e2e/valuation.real.spec.ts: knowledge-card navigation, source links, formula, dark/light/mobile and factor breakdown; dark/light theme and narrow-screen checks passed"
book_factor_score,因子分数,原书补充·技术实践,shared_market_result,crypto|cn_equity|us_equity,data,documented_input_or_market_snapshot,evidence_required,,,
book_fcf,自由现金流,原书教学输入,2_company_disclosure,us_equity,data,server_fetched_verified_issuer_filing_pdf|embedded_checked_filing_facts,real_required,2026-10-04: https://www.apple.com/newsroom/pdfs/fy2025-q4/FY25_Q4_Consolidated_Financial_Statements.pdf SHA256=43e7f0730b3cce0fc37301a2f43c29712bbde6ab299d97c6df345fd0c754508a; FY2025/FY2024 unaudited; src/filing_case.rs,2026-10-04: tests/filing_case_api_test.rs; src/filing_case.rs public evaluate tests; independently checked issuer facts and report-year units,2026-10-04: web/e2e/real.spec.ts: Apple filing case; dark/light theme and narrow-screen checks passed
book_fcf_yield,自由现金流收益率,原书财务计算,2_company_disclosure,us_equity,data,issuer_financial_disclosures|nasdaq_historical_close_observations,real_required,2026-10-04: docs/book/valuation_cases.json: AAPL; exact original documents and canonical dated Nasdaq/FRED observations; no historical availability inferred,2026-10-04: tests/disclosure_valuation_api_test.rs + disclosure_valuation_registry_test.rs: book_fcf_yield independent worked value; assumptions explicit,"2026-10-04: web/e2e/valuation.real.spec.ts: knowledge-card navigation, source links, formula, dark/light/mobile and factor breakdown; dark/light theme and narrow-screen checks passed"
book_float_market_cap,流通市值,发行人历史披露,1_stock_history_execution,issuer_disclosure,data,dated_unrestricted_shares|same_date_unadjusted_close|verified_issuer_pdf,real_required,2025-12-31 贵州茅台 600519 年报 https://static.cninfo.com.cn/finalpage/2026-04-17/1225114741.PDF 和腾讯未复权历史行情 https://web.ifzq.gtimg.cn/appstock/app/kline/kline?param=sh600519%2Cday%2C2025-12-31%2C2025-12-31%2C1,1252270215 股 × 1377.18 元 = 1724601494693.70 元; tests/a_share_float_api_test.rs 与 web/e2e/real.spec.ts 独立核对,真实浏览器直接核对三份原始 PDF 与同日行情; 深浅色及窄屏截图
book_free_float,自由流通比例,发行人历史披露,1_stock_history_execution,issuer_disclosure,data,dated_unrestricted_shares|holder_relationship|official_index_methodology,real_required,2025-12-31 贵州茅台年报及一致行动关系公告 https://static.cninfo.com.cn/finalpage/2025-12-30/1224906220.PDF 与中证方法 https://oss-ch.csindex.com.cn/static/html/csindex/public/uploads/indices/detail/files/zh_CN/000300_Index_Methodology_cn.pdf,1252270215 - 681282935 - 27849688 = 543137592 股; 比例 543137592/1252270215; 透明复算不冒充中证发布数据,真实浏览器原文指纹及计算核对; 深浅色及窄屏截图
book_funding,Funding rate: a guide to market sentiment,衍生品与链上,4_derivatives_chain_history,crypto,data,timestamped_derivatives_or_blockchain_observations,evidence_required,,,
book_gann_angle,甘氏线与甘氏角度,原书补充·技术实践,shared_market_result,crypto|cn_equity|us_equity,data,documented_input_or_market_snapshot,evidence_required,,,
book_gas_limit,Mean / Median transaction gas limit,衍生品与链上,4_derivatives_chain_history,crypto,data,timestamped_derivatives_or_blockchain_observations,evidence_required,,,
book_gas_price,Mean / Median transaction gas price,衍生品与链上,4_derivatives_chain_history,crypto,data,timestamped_derivatives_or_blockchain_observations,evidence_required,,,
book_gas_used,Mean / Median gas used,衍生品与链上,4_derivatives_chain_history,crypto,data,timestamped_derivatives_or_blockchain_observations,evidence_required,,,
book_ghost_pivots,Rob Booker Ziv Ghost Pivots,原书补充·技术实践,shared_market_result,crypto|cn_equity|us_equity,data,documented_input_or_market_snapshot,evidence_required,,,
book_gmma,MA Ribbon 与 GMMA,原书补充·技术实践,shared_market_result,crypto|cn_equity|us_equity,data|backtest|compare,completed_ohlcv,real_required,,,
book_gold_aisc,黄金矿业 AISC,原书行业专属指标,2_company_disclosure,issuer_disclosure,data,server_verified_issuer_filing_pdf|embedded_page_cited_industry_facts,real_required,2026-10-04: docs/book/industry_cases.json: GOLD; exact document URL/SHA256/bytes and physical PDF pages; audit boundary per metric,2026-10-04: tests/industry_case_api_test.rs + industry_case_registry_test.rs: book_gold_aisc independent worked value and units,2026-10-04: web/e2e/real.spec.ts: every historical industry case; dark/light theme and narrow-screen checks passed
book_government_balance,El Salvador Government balance,衍生品与链上,4_derivatives_chain_history,crypto,data,timestamped_derivatives_or_blockchain_observations,evidence_required,,,
book_gross_margin,毛利与毛利率,原书财务计算,2_company_disclosure,us_equity,data,server_fetched_verified_issuer_filing_pdf|embedded_checked_filing_facts,real_required,2026-10-04: https://www.apple.com/newsroom/pdfs/fy2025-q4/FY25_Q4_Consolidated_Financial_Statements.pdf SHA256=43e7f0730b3cce0fc37301a2f43c29712bbde6ab299d97c6df345fd0c754508a; FY2025/FY2024 unaudited; src/filing_case.rs,2026-10-04: tests/filing_case_api_test.rs; src/filing_case.rs public evaluate tests; independently checked issuer facts and report-year units,2026-10-04: web/e2e/real.spec.ts: Apple filing case; dark/light theme and narrow-screen checks passed
book_ichimoku_chikou,迟行线 Chikou Span,原书补充·技术实践,shared_market_result,crypto|cn_equity|us_equity,data|backtest|compare,completed_ohlcv,real_required,,,
book_implied_move,隐含波动区间,原书补充·技术实践,4_derivatives_chain_history,us_equity,data|compare,timestamped_option_chain|underlying_price,evidence_required,,,
book_index_price,Index price,衍生品与链上,4_derivatives_chain_history,crypto,data,timestamped_derivatives_or_blockchain_observations,evidence_required,,,
book_industrial_backlog,工业 Backlog,原书行业专属指标,2_company_disclosure,issuer_disclosure,data,server_verified_issuer_filing_pdf|embedded_page_cited_industry_facts,real_required,2026-10-04: docs/book/industry_cases.json: SIE.DE; exact document URL/SHA256/bytes and physical PDF pages; audit boundary per metric,2026-10-04: tests/industry_case_api_test.rs + industry_case_registry_test.rs: book_industrial_backlog independent worked value and units,2026-10-04: web/e2e/real.spec.ts: every historical industry case; dark/light theme and narrow-screen checks passed
book_industrial_book_to_bill,工业 Book-to-Bill,原书行业专属指标,2_company_disclosure,issuer_disclosure,data,server_verified_issuer_filing_pdf|embedded_page_cited_industry_facts,real_required,2026-10-04: docs/book/industry_cases.json: SIE.DE; exact document URL/SHA256/bytes and physical PDF pages; audit boundary per metric,2026-10-04: tests/industry_case_api_test.rs + industry_case_registry_test.rs: book_industrial_book_to_bill independent worked value and units,2026-10-04: web/e2e/real.spec.ts: every historical industry case; dark/light theme and narrow-screen checks passed
book_insurance_combined_ratio,保险综合成本率,原书行业专属指标,2_company_disclosure,issuer_disclosure,data,server_verified_issuer_filing_pdf|embedded_page_cited_industry_facts,real_required,2026-10-04: docs/book/industry_cases.json: 2318.HK; exact document URL/SHA256/bytes and physical PDF pages; audit boundary per metric,2026-10-04: tests/industry_case_api_test.rs + industry_case_registry_test.rs: book_insurance_combined_ratio independent worked value and units,2026-10-04: web/e2e/real.spec.ts: every historical industry case; dark/light theme and narrow-screen checks passed
book_insurance_nbv,保险新业务价值 NBV,原书行业专属指标,2_company_disclosure,issuer_disclosure,data,server_verified_issuer_filing_pdf|embedded_page_cited_industry_facts,real_required,2026-10-04: docs/book/industry_cases.json: 2318.HK; exact document URL/SHA256/bytes and physical PDF pages; audit boundary per metric,2026-10-04: tests/industry_case_api_test.rs + industry_case_registry_test.rs: book_insurance_nbv independent worked value and units,2026-10-04: web/e2e/real.spec.ts: every historical industry case; dark/light theme and narrow-screen checks passed
book_insurance_solvency_ratio,保险偿付能力充足率,原书行业专属指标,2_company_disclosure,issuer_disclosure,data,server_verified_issuer_filing_pdf|embedded_page_cited_industry_facts,real_required,2026-10-04: docs/book/industry_cases.json: 2318.HK; exact document URL/SHA256/bytes and physical PDF pages; audit boundary per metric,2026-10-04: tests/industry_case_api_test.rs + industry_case_registry_test.rs: book_insurance_solvency_ratio independent worked value and units,2026-10-04: web/e2e/real.spec.ts: every historical industry case; dark/light theme and narrow-screen checks passed
book_intangibles_ratio,商誉无形占比,原书教学输入,2_company_disclosure,us_equity,data,issuer_financial_disclosures,real_required,2026-10-04: docs/book/valuation_cases.json: EBAY; exact original documents and canonical dated Nasdaq/FRED observations; no historical availability inferred,2026-10-04: tests/disclosure_valuation_api_test.rs + disclosure_valuation_registry_test.rs: book_intangibles_ratio independent worked value; assumptions explicit,"2026-10-04: web/e2e/valuation.real.spec.ts: knowledge-card navigation, source links, formula, dark/light/mobile and factor breakdown; dark/light theme and narrow-screen checks passed"
book_interest_coverage,利息保障倍数,原书财务计算,2_company_disclosure,us_equity,data,issuer_financial_disclosures,real_required,2026-10-04: docs/book/valuation_cases.json: EBAY; exact original documents and canonical dated Nasdaq/FRED observations; no historical availability inferred,2026-10-04: tests/disclosure_valuation_api_test.rs + disclosure_valuation_registry_test.rs: book_interest_coverage independent worked value; assumptions explicit,"2026-10-04: web/e2e/valuation.real.spec.ts: knowledge-card navigation, source links, formula, dark/light/mobile and factor breakdown; dark/light theme and narrow-screen checks passed"
book_internet_arpu,互联网 ARPU,原书行业专属指标,2_company_disclosure,issuer_disclosure,data,server_verified_issuer_filing_pdf|embedded_page_cited_industry_facts,real_required,2026-10-04: docs/book/industry_cases.json: SPOT; exact document URL/SHA256/bytes and physical PDF pages; audit boundary per metric,2026-10-04: tests/industry_case_api_test.rs + industry_case_registry_test.rs: book_internet_arpu independent worked value and units,2026-10-04: web/e2e/real.spec.ts: every historical industry case; dark/light theme and narrow-screen checks passed
book_internet_dau_mau,互联网 DAU/MAU,原书行业专属指标,2_company_disclosure,issuer_disclosure,data,server_verified_issuer_filing_pdf|embedded_page_cited_industry_facts,real_required,2026-10-04: docs/book/industry_cases.json: META; exact document URL/SHA256/bytes and physical PDF pages; audit boundary per metric,2026-10-04: tests/industry_case_api_test.rs + industry_case_registry_test.rs: book_internet_dau_mau independent worked value and units,2026-10-04: web/e2e/real.spec.ts: every historical industry case; dark/light theme and narrow-screen checks passed
book_inventory_turnover,存货周转率,原书财务计算,2_company_disclosure,us_equity,data,server_fetched_verified_issuer_filing_pdf|embedded_checked_filing_facts,real_required,2026-10-04: https://www.apple.com/newsroom/pdfs/fy2025-q4/FY25_Q4_Consolidated_Financial_Statements.pdf SHA256=43e7f0730b3cce0fc37301a2f43c29712bbde6ab299d97c6df345fd0c754508a; FY2025/FY2024 unaudited; src/filing_case.rs,2026-10-04: tests/filing_case_api_test.rs; src/filing_case.rs public evaluate tests; independently checked issuer facts and report-year units,2026-10-04: web/e2e/real.spec.ts: Apple filing case; dark/light theme and narrow-screen checks passed
book_iv_percentile,IV Percentile,原书补充·技术实践,4_derivatives_chain_history,us_equity,data|compare,timestamped_option_chain|underlying_price,evidence_required,,,
book_iv_smile,Skew 与 Smile,原书补充·技术实践,4_derivatives_chain_history,us_equity,data|compare,timestamped_option_chain|underlying_price,evidence_required,,,
book_kama,KAMA：自适应移动平均,原书补充·技术实践,shared_market_result,crypto|cn_equity|us_equity,data|backtest|compare,completed_ohlcv,real_required,,,
book_knoxville,Rob Booker - Knoxville Divergence,原书补充·技术实践,shared_market_result,crypto|cn_equity|us_equity,data,documented_input_or_market_snapshot,evidence_required,,,
book_large_addresses,Addresses with balance ≥ X (% of supply) / (USD),衍生品与链上,4_derivatives_chain_history,crypto,data,timestamped_derivatives_or_blockchain_observations,evidence_required,,,
book_large_holdings,Held tokens in addresses ≥ X (% of supply) / (tokens) / (USD),衍生品与链上,4_derivatives_chain_history,crypto,data,timestamped_derivatives_or_blockchain_observations,evidence_required,,,
book_liquidations,Liquidation data,衍生品与链上,4_derivatives_chain_history,crypto,data,timestamped_derivatives_or_blockchain_observations,evidence_required,,,
book_log_return,对数坐标,原书教学输入,shared_market_result,crypto|cn_equity|us_equity,data|backtest|compare,completed_ohlcv,real_required,,,
book_long_short_accounts,Long / Short Ratio Accounts / Long Short Accounts %,衍生品与链上,4_derivatives_chain_history,crypto,data,timestamped_derivatives_or_blockchain_observations,evidence_required,,,
book_lower_timeframe_volume,Up/Down Volume,原书补充·技术实践,shared_market_result,crypto|cn_equity|us_equity,data|backtest|compare,completed_ohlcv,real_required,,,
book_ma_envelope,MA Envelope,原书补充·技术实践,shared_market_result,crypto|cn_equity|us_equity,data|backtest|compare,completed_ohlcv,real_required,,,
book_macd_cross,DIF 与 DEA 交叉,原书补充·技术实践,shared_market_result,crypto|cn_equity|us_equity,data|backtest|compare,completed_ohlcv,real_required,,,
book_macd_divergence,MACD 背离,原书补充·技术实践,shared_market_result,crypto|cn_equity|us_equity,data|backtest|compare,completed_ohlcv,real_required,,,
book_macd_histogram,柱体,原书补充·技术实践,shared_market_result,crypto|cn_equity|us_equity,data|backtest|compare,completed_ohlcv,real_required,,,
book_macd_regime,适用环境,原书补充·技术实践,shared_market_result,crypto|cn_equity|us_equity,data|backtest|compare,completed_ohlcv,real_required,,,
book_macd_zero,零轴,原书补充·技术实践,shared_market_result,crypto|cn_equity|us_equity,data|backtest|compare,completed_ohlcv,real_required,,,
book_mansfield_rs,Mansfield Relative Strength,原书补充·技术实践,shared_market_result,crypto|cn_equity|us_equity,data,documented_input_or_market_snapshot,evidence_required,,,
book_mark_price,Mark price,衍生品与链上,4_derivatives_chain_history,crypto,data,timestamped_derivatives_or_blockchain_observations,evidence_required,,,
book_market_regimes,按市场环境选择指标，避免重复证据,组合分析与数据口径,shared_market_result,crypto|cn_equity|us_equity,data,documented_input_or_market_snapshot,evidence_required,,,
book_mcclellan_sum,McClellan Summation Index,原书补充·技术实践,3_market_breadth,us_equity,data,fixed_dow30_2024_11_08|per_member_us_equity_daily_ohlcv|aligned_session_coverage_27_of_30|39_session_warmup,real_required,"2026-10-04: S&P DJI 2024-11-01 official constituent change; fixed 2024-11-08 Dow-30 names applied retrospectively; 30 per-member Yahoo raw chart URLs and source metadata are returned by the API; not official historical index membership","2026-10-04: cumulative sum of real fixed-basket McClellan oscillator points from the first defined value in the response window, initial value zero; tests/market_breadth_api_test.rs checks source and calculation; src/market_breadth.rs::calculate_mcclellan_summation",2026-10-04: web/e2e/market-breadth.real.spec.ts live Chromium knowledge-card to data-practice flow verified with true provider-backed response and concept-specific visual; backend summation independently recomputed from oscillator series
book_mcginley,McGinley Dynamic,原书补充·技术实践,shared_market_result,crypto|cn_equity|us_equity,data|backtest|compare,completed_ohlcv,real_required,,,
book_missed_pivots,Rob Booker Missed Pivot Points,原书补充·技术实践,shared_market_result,crypto|cn_equity|us_equity,data,documented_input_or_market_snapshot,evidence_required,,,
book_moon_phases,Moon Phases,原书补充·技术实践,shared_market_result,crypto|cn_equity|us_equity,data,documented_input_or_market_snapshot,evidence_required,,,
book_multi_timeframe,Multi-Time Period Charts indicator,原书补充·技术实践,shared_market_result,crypto|cn_equity|us_equity,data|backtest|compare,completed_ohlcv,real_required,,,
book_nav_discount,净资产值折溢价,原书财务计算,2_company_disclosure,us_equity,data,issuer_financial_disclosures,real_required,2026-10-04: docs/book/valuation_cases.json: DIAX; exact original documents and canonical dated Nasdaq/FRED observations; no historical availability inferred,2026-10-04: tests/disclosure_valuation_api_test.rs + disclosure_valuation_registry_test.rs: book_nav_discount independent worked value; assumptions explicit,"2026-10-04: web/e2e/valuation.real.spec.ts: knowledge-card navigation, source links, formula, dark/light/mobile and factor breakdown; dark/light theme and narrow-screen checks passed"
book_net_debt,净债务,原书教学输入,2_company_disclosure,us_equity,data,server_fetched_verified_issuer_filing_pdf|embedded_checked_filing_facts,real_required,2026-10-04: https://www.apple.com/newsroom/pdfs/fy2025-q4/FY25_Q4_Consolidated_Financial_Statements.pdf SHA256=43e7f0730b3cce0fc37301a2f43c29712bbde6ab299d97c6df345fd0c754508a; FY2025/FY2024 unaudited; src/filing_case.rs,2026-10-04: tests/filing_case_api_test.rs; src/filing_case.rs public evaluate tests; independently checked issuer facts and report-year units,2026-10-04: web/e2e/real.spec.ts: Apple filing case; dark/light theme and narrow-screen checks passed
book_net_debt_ebitda,净债务/EBITDA,原书教学输入,2_company_disclosure,us_equity,data,issuer_financial_disclosures,real_required,2026-10-04: docs/book/valuation_cases.json: AAPL; exact original documents and canonical dated Nasdaq/FRED observations; no historical availability inferred,2026-10-04: tests/disclosure_valuation_api_test.rs + disclosure_valuation_registry_test.rs: book_net_debt_ebitda independent worked value; assumptions explicit,"2026-10-04: web/e2e/valuation.real.spec.ts: knowledge-card navigation, source links, formula, dark/light/mobile and factor breakdown; dark/light theme and narrow-screen checks passed"
book_net_margin,净利率,原书教学输入,2_company_disclosure,us_equity,data,server_fetched_verified_issuer_filing_pdf|embedded_checked_filing_facts,real_required,2026-10-04: https://www.apple.com/newsroom/pdfs/fy2025-q4/FY25_Q4_Consolidated_Financial_Statements.pdf SHA256=43e7f0730b3cce0fc37301a2f43c29712bbde6ab299d97c6df345fd0c754508a; FY2025/FY2024 unaudited; src/filing_case.rs,2026-10-04: tests/filing_case_api_test.rs; src/filing_case.rs public evaluate tests; independently checked issuer facts and report-year units,2026-10-04: web/e2e/real.spec.ts: Apple filing case; dark/light theme and narrow-screen checks passed
book_net_volume,Net Volume,原书补充·技术实践,shared_market_result,crypto,data,server_fetched_binance_usdt_spot_recent_trades,real_required,,,
book_news_sentiment,新闻情绪分数,原书补充·技术实践,shared_market_result,crypto|cn_equity|us_equity,data,documented_input_or_market_snapshot,evidence_required,,,
book_nonstandard_bar,非标准图表与成交价格,原书教学输入,shared_market_result,crypto|cn_equity|us_equity,data|backtest|compare,completed_ohlcv,real_required,,,
book_ohlc_volatility,Parkinson、Garman-Klass、Yang-Zhang 波动率,原书补充·技术实践,shared_market_result,crypto|cn_equity|us_equity,data|backtest|compare,completed_ohlcv,real_required,,,
book_open_interest,Open Interest / Understanding crypto open interest,衍生品与链上,4_derivatives_chain_history,crypto,data,timestamped_derivatives_or_blockchain_observations,evidence_required,,,
book_option_dte,到期日与 DTE,原书补充·技术实践,4_derivatives_chain_history,us_equity,data|compare,timestamped_option_chain|underlying_price,evidence_required,,,
book_option_moneyness,ITM、ATM、OTM,原书补充·技术实践,4_derivatives_chain_history,us_equity,data|compare,timestamped_option_chain|underlying_price,evidence_required,,,
book_option_value_components,内在价值与时间价值,原书补充·技术实践,4_derivatives_chain_history,us_equity,data|compare,timestamped_option_chain|underlying_price,evidence_required,,,
book_option_volume_oi,成交量与未平仓量 OI,原书补充·技术实践,4_derivatives_chain_history,us_equity,data|compare,timestamped_option_chain|underlying_price,evidence_required,,,
book_order_flow,订单流分类,原书教学输入,shared_market_result,crypto,data,24_completed_binance_usdt_spot_1h_klines_with_total_and_taker_buy_volumes,real_required,,,
book_order_imbalance,委比与委差,原书教学输入,shared_market_result,crypto,data,server_fetched_binance_usdt_spot_depth_snapshot,real_required,,,
book_osc,OSC,原书补充·技术实践,shared_market_result,crypto|cn_equity|us_equity,data|backtest|compare,completed_ohlcv,real_required,,,
book_pair_spread,配对价差与价差 Z-Score,原书补充·技术实践,shared_market_result,crypto,data,server_fetched_aligned_binance_usdt_spot_hourly_pair,real_required,,,
book_payout_ratio,分红支付率,原书财务计算,2_company_disclosure,us_equity,data,issuer_financial_disclosures,real_required,2026-10-04: docs/book/valuation_cases.json: AAPL; exact original documents and canonical dated Nasdaq/FRED observations; no historical availability inferred,2026-10-04: tests/disclosure_valuation_api_test.rs + disclosure_valuation_registry_test.rs: book_payout_ratio independent worked value; assumptions explicit,"2026-10-04: web/e2e/valuation.real.spec.ts: knowledge-card navigation, source links, formula, dark/light/mobile and factor breakdown; dark/light theme and narrow-screen checks passed"
book_percent_above_ma,成分股站上 MA50/MA200 比例,原书补充·技术实践,shared_market_result,crypto|cn_equity|us_equity,data,documented_input_or_market_snapshot,evidence_required,,,
book_performance,Performance,原书补充·技术实践,shared_market_result,crypto|cn_equity|us_equity,data|backtest|compare,completed_ohlcv,real_required,,,
book_period,K线周期,原书教学输入,shared_market_result,crypto|cn_equity|us_equity,data,completed_ohlcv_with_source_cadence,real_required,,,
book_pitchfork,Auto Pitchfork,原书补充·技术实践,shared_market_result,crypto|cn_equity|us_equity,data,documented_input_or_market_snapshot,evidence_required,,,
book_pitfall_adjustment,不复权价格会制造虚假跳空,原书补充·技术实践,1_stock_history_execution,us_equity,data,dated_corporate_actions|provider_quote|provider_adjusted_close,real_required,Apple 2020-08-31 拆股官方公告 https://www.apple.com/newsroom/2020/07/apple-reports-third-quarter-results/ 和 Yahoo 历史具名拆股事件,4:1 事件直接给出拆股价格乘数 1/4; 供应商报价口径未据此冒充原始成交价或已核验总回报,与 book_adjustment 共用真实浏览器原文和提供者核对; 本概念另测入口与无手填输入
book_pitfall_formula_variant,数据供应商公式可能不同,原书补充·技术实践,shared_market_result,crypto|cn_equity|us_equity,data,server_fetched_completed_ohlcv_with_source_cadence,real_required,,,
book_pitfall_open_candle,未收盘 K 线会变化,原书补充·技术实践,shared_market_result,crypto,data,server_fetched_binance_active_1h_snapshot|last_completed_binance_1h_bar,real_required,,,
book_pitfall_order_imbalance,委比高不代表必涨,原书补充·技术实践,shared_market_result,crypto,data,server_fetched_binance_usdt_spot_depth_snapshot,real_required,,,
book_pitfall_repainting,ZigZag、分形和部分自动形态会重画或延迟确认,原书补充·技术实践,shared_market_result,crypto|cn_equity|us_equity,data,server_fetched_completed_ohlcv|two_right_side_completed_bars,real_required,,,
book_pitfall_timeframe,指标必须使用同一时间尺度,原书补充·技术实践,shared_market_result,crypto|cn_equity|us_equity,data,server_fetched_completed_ohlcv_with_source_cadence,real_required,,,
book_pivot_high_low,Pivot Points High Low,原书补充·技术实践,shared_market_result,crypto|cn_equity|us_equity,data|backtest|compare,completed_ohlcv,real_required,,,
book_platform_gmv,平台 GMV,原书行业专属指标,2_company_disclosure,issuer_disclosure,data,server_verified_issuer_filing_pdf|embedded_page_cited_industry_facts,real_required,2026-10-04: docs/book/industry_cases.json: SHOP; exact document URL/SHA256/bytes and physical PDF pages; audit boundary per metric,2026-10-04: tests/industry_case_api_test.rs + industry_case_registry_test.rs: book_platform_gmv independent worked value and units,2026-10-04: web/e2e/real.spec.ts: every historical industry case; dark/light theme and narrow-screen checks passed
book_platform_take_rate,平台 Take Rate,原书行业专属指标,2_company_disclosure,issuer_disclosure,data,server_verified_issuer_filing_pdf|embedded_page_cited_industry_facts,real_required,2026-10-04: docs/book/industry_cases.json: EBAY; exact document URL/SHA256/bytes and physical PDF pages; audit boundary per metric,2026-10-04: tests/industry_case_api_test.rs + industry_case_registry_test.rs: book_platform_take_rate independent worked value and units,2026-10-04: web/e2e/real.spec.ts: every historical industry case; dark/light theme and narrow-screen checks passed
book_pmo,Price Momentum Oscillator (PMO),原书补充·技术实践,shared_market_result,crypto|cn_equity|us_equity,data|backtest|compare,completed_ohlcv,real_required,,,
book_power_law,Power-Law Model,衍生品与链上,4_derivatives_chain_history,crypto,data,timestamped_derivatives_or_blockchain_observations,evidence_required,,,
book_ppo_apo,PPO 与 APO,原书补充·技术实践,shared_market_result,crypto|cn_equity|us_equity,data|backtest|compare,completed_ohlcv,real_required,,,
book_premium,Premium,衍生品与链上,4_derivatives_chain_history,crypto,data,timestamped_derivatives_or_blockchain_observations,evidence_required,,,
book_price_cashflow,市现率 P/OCF 与 P/FCF,原书财务计算,2_company_disclosure,us_equity,data,issuer_financial_disclosures|nasdaq_historical_close_observations,real_required,2026-10-04: docs/book/valuation_cases.json: AAPL; exact original documents and canonical dated Nasdaq/FRED observations; no historical availability inferred,2026-10-04: tests/disclosure_valuation_api_test.rs + disclosure_valuation_registry_test.rs: book_price_cashflow independent worked value; assumptions explicit,"2026-10-04: web/e2e/valuation.real.spec.ts: knowledge-card navigation, source links, formula, dark/light/mobile and factor breakdown; dark/light theme and narrow-screen checks passed"
book_ptbv,有形市净率 P/TBV,原书财务计算,2_company_disclosure,us_equity,data,issuer_financial_disclosures|nasdaq_historical_close_observations,real_required,2026-10-04: docs/book/valuation_cases.json: EBAY; exact original documents and canonical dated Nasdaq/FRED observations; no historical availability inferred,2026-10-04: tests/disclosure_valuation_api_test.rs + disclosure_valuation_registry_test.rs: book_ptbv independent worked value; assumptions explicit,"2026-10-04: web/e2e/valuation.real.spec.ts: knowledge-card navigation, source links, formula, dark/light/mobile and factor breakdown; dark/light theme and narrow-screen checks passed"
book_pvi,NVI 与 PVI,原书补充·技术实践,shared_market_result,crypto|cn_equity|us_equity,data|backtest|compare,completed_ohlcv,real_required,,,
book_pvo,Percentage Volume Oscillator (PVO),原书补充·技术实践,shared_market_result,crypto|cn_equity|us_equity,data|backtest|compare,completed_ohlcv,real_required,,,
book_qoq,环比,原书教学输入,2_company_disclosure,us_equity,data,issuer_financial_disclosures,real_required,2026-10-04: docs/book/valuation_cases.json: AAPL; exact original documents and canonical dated Nasdaq/FRED observations; no historical availability inferred,2026-10-04: tests/disclosure_valuation_api_test.rs + disclosure_valuation_registry_test.rs: book_qoq independent worked value; assumptions explicit,"2026-10-04: web/e2e/valuation.real.spec.ts: knowledge-card navigation, source links, formula, dark/light/mobile and factor breakdown; dark/light theme and narrow-screen checks passed"
book_quick_ratio,速动比率,原书财务计算,2_company_disclosure,us_equity,data,server_fetched_verified_issuer_filing_pdf|embedded_checked_filing_facts,real_required,2026-10-04: https://www.apple.com/newsroom/pdfs/fy2025-q4/FY25_Q4_Consolidated_Financial_Statements.pdf SHA256=43e7f0730b3cce0fc37301a2f43c29712bbde6ab299d97c6df345fd0c754508a; FY2025/FY2024 unaudited; src/filing_case.rs,2026-10-04: tests/filing_case_api_test.rs; src/filing_case.rs public evaluate tests; independently checked issuer facts and report-year units,2026-10-04: web/e2e/real.spec.ts: Apple filing case; dark/light theme and narrow-screen checks passed
book_r_squared,𝑅2,原书补充·技术实践,shared_market_result,crypto|cn_equity|us_equity,backtest|paper|compare,matched_result_bars|real_strategy_equity|same_period_benchmark_returns,result_required,,,
book_rci,Rank Correlation Index (RCI),原书补充·技术实践,shared_market_result,crypto|cn_equity|us_equity,data|backtest|compare,completed_ohlcv,real_required,,,
book_rci_ribbon,RCI Ribbon,原书补充·技术实践,shared_market_result,crypto|cn_equity|us_equity,data|backtest|compare,completed_ohlcv,real_required,,,
book_reading_order,看盘十步：从公司到成交,组合分析与数据口径,shared_market_result,crypto|cn_equity|us_equity,data,documented_input_or_market_snapshot,evidence_required,,,
book_realized_cap,Realized market cap,衍生品与链上,4_derivatives_chain_history,crypto,data,timestamped_derivatives_or_blockchain_observations,evidence_required,,,
book_receivable_turnover,应收账款周转率,原书财务计算,2_company_disclosure,us_equity,data,server_fetched_verified_issuer_filing_pdf|embedded_checked_filing_facts,real_required,2026-10-04: https://www.apple.com/newsroom/pdfs/fy2025-q4/FY25_Q4_Consolidated_Financial_Statements.pdf SHA256=43e7f0730b3cce0fc37301a2f43c29712bbde6ab299d97c6df345fd0c754508a; FY2025/FY2024 unaudited; src/filing_case.rs,2026-10-04: tests/filing_case_api_test.rs; src/filing_case.rs public evaluate tests; independently checked issuer facts and report-year units,2026-10-04: web/e2e/real.spec.ts: Apple filing case; dark/light theme and narrow-screen checks passed
book_regression_channel,线性回归线与回归通道,原书补充·技术实践,shared_market_result,crypto|cn_equity|us_equity,data|backtest|compare,completed_ohlcv,real_required,,,
book_reit_affo,REIT AFFO,原书行业专属指标,2_company_disclosure,issuer_disclosure,data,server_verified_issuer_filing_pdf|embedded_page_cited_industry_facts,real_required,2026-10-04: docs/book/industry_cases.json: O; exact document URL/SHA256/bytes and physical PDF pages; audit boundary per metric,2026-10-04: tests/industry_case_api_test.rs + industry_case_registry_test.rs: book_reit_affo independent worked value and units,2026-10-04: web/e2e/real.spec.ts: every historical industry case; dark/light theme and narrow-screen checks passed
book_reit_cap_rate,REIT 资本化率 Cap Rate,原书行业专属指标,2_company_disclosure,issuer_disclosure,data,server_verified_issuer_filing_pdf|embedded_page_cited_industry_facts,real_required,2026-10-04: docs/book/industry_cases.json: O; exact document URL/SHA256/bytes and physical PDF pages; audit boundary per metric,2026-10-04: tests/industry_case_api_test.rs + industry_case_registry_test.rs: book_reit_cap_rate independent worked value and units,2026-10-04: web/e2e/real.spec.ts: every historical industry case; dark/light theme and narrow-screen checks passed
book_reit_ffo,REIT FFO,原书行业专属指标,2_company_disclosure,issuer_disclosure,data,server_verified_issuer_filing_pdf|embedded_page_cited_industry_facts,real_required,2026-10-04: docs/book/industry_cases.json: O; exact document URL/SHA256/bytes and physical PDF pages; audit boundary per metric,2026-10-04: tests/industry_case_api_test.rs + industry_case_registry_test.rs: book_reit_ffo independent worked value and units,2026-10-04: web/e2e/real.spec.ts: every historical industry case; dark/light theme and narrow-screen checks passed
book_reit_occupancy,REIT 入住率,原书行业专属指标,2_company_disclosure,issuer_disclosure,data,server_verified_issuer_filing_pdf|embedded_page_cited_industry_facts,real_required,2026-10-04: docs/book/industry_cases.json: O; exact document URL/SHA256/bytes and physical PDF pages; audit boundary per metric,2026-10-04: tests/industry_case_api_test.rs + industry_case_registry_test.rs: book_reit_occupancy independent worked value and units,2026-10-04: web/e2e/real.spec.ts: every historical industry case; dark/light theme and narrow-screen checks passed
book_relative_strength_line,相对强弱线 Relative Strength Line,原书补充·技术实践,shared_market_result,crypto,data,server_fetched_aligned_binance_usdt_spot_hourly_pair,real_required,,,
book_relative_volatility_index,Relative Volatility Index,原书补充·技术实践,shared_market_result,crypto|cn_equity|us_equity,data|backtest|compare,completed_ohlcv,real_required,,,
book_relative_volume_at_time,Relative Volume at Time,原书补充·技术实践,shared_market_result,crypto,data,continuous_completed_binance_1h_ohlcv|seven_complete_utc_history_days,real_required,,,
book_retail_same_store_sales_growth,零售同店销售增长,原书行业专属指标,2_company_disclosure,issuer_disclosure,data,server_verified_issuer_filing_pdf|embedded_page_cited_industry_facts,real_required,2026-10-04: docs/book/industry_cases.json: COST; exact document URL/SHA256/bytes and physical PDF pages; audit boundary per metric,2026-10-04: tests/industry_case_api_test.rs + industry_case_registry_test.rs: book_retail_same_store_sales_growth independent worked value and units,2026-10-04: web/e2e/real.spec.ts: every historical industry case; dark/light theme and narrow-screen checks passed
book_revenue,营业收入,原书教学输入,2_company_disclosure,us_equity,data,server_fetched_verified_issuer_filing_pdf|embedded_checked_filing_facts,real_required,2026-10-04: https://www.apple.com/newsroom/pdfs/fy2025-q4/FY25_Q4_Consolidated_Financial_Statements.pdf SHA256=43e7f0730b3cce0fc37301a2f43c29712bbde6ab299d97c6df345fd0c754508a; FY2025/FY2024 unaudited; src/filing_case.rs,2026-10-04: tests/filing_case_api_test.rs; src/filing_case.rs public evaluate tests; independently checked issuer facts and report-year units,2026-10-04: web/e2e/real.spec.ts: Apple filing case; dark/light theme and narrow-screen checks passed
book_rho,Rho,原书补充·技术实践,4_derivatives_chain_history,us_equity,data|compare,timestamped_option_chain|underlying_price,evidence_required,,,
book_roa,ROA 总资产收益率,原书财务计算,2_company_disclosure,us_equity,data,server_fetched_verified_issuer_filing_pdf|embedded_checked_filing_facts,real_required,2026-10-04: https://www.apple.com/newsroom/pdfs/fy2025-q4/FY25_Q4_Consolidated_Financial_Statements.pdf SHA256=43e7f0730b3cce0fc37301a2f43c29712bbde6ab299d97c6df345fd0c754508a; FY2025/FY2024 unaudited; src/filing_case.rs,2026-10-04: tests/filing_case_api_test.rs; src/filing_case.rs public evaluate tests; independently checked issuer facts and report-year units,2026-10-04: web/e2e/real.spec.ts: Apple filing case; dark/light theme and narrow-screen checks passed
book_rob_booker_adx,Rob Booker - ADX Breakout,原书补充·技术实践,shared_market_result,crypto|cn_equity|us_equity,data,documented_input_or_market_snapshot,evidence_required,,,
book_roce,ROCE,原书教学输入,2_company_disclosure,us_equity,data,server_fetched_verified_issuer_filing_pdf|embedded_checked_filing_facts,real_required,2026-10-04: https://www.apple.com/newsroom/pdfs/fy2025-q4/FY25_Q4_Consolidated_Financial_Statements.pdf SHA256=43e7f0730b3cce0fc37301a2f43c29712bbde6ab299d97c6df345fd0c754508a; FY2025/FY2024 unaudited; src/filing_case.rs,2026-10-04: tests/filing_case_api_test.rs; src/filing_case.rs public evaluate tests; independently checked issuer facts and report-year units,2026-10-04: web/e2e/real.spec.ts: Apple filing case; dark/light theme and narrow-screen checks passed
book_rolling_median,Median,原书补充·技术实践,shared_market_result,crypto|cn_equity|us_equity,data|backtest|compare,completed_ohlcv,real_required,,,
book_rrg_coordinates,RRG,原书补充·技术实践,shared_market_result,crypto|cn_equity|us_equity,data,documented_input_or_market_snapshot,evidence_required,,,
book_rsi_divergence,RSI divergence indicator,原书补充·技术实践,shared_market_result,crypto|cn_equity|us_equity,data|backtest|compare,completed_ohlcv,real_required,,,
book_rvt,"RVT ratio, 90 days",衍生品与链上,4_derivatives_chain_history,crypto,data,timestamped_derivatives_or_blockchain_observations,evidence_required,,,
book_saas_arr,SaaS ARR,原书行业专属指标,2_company_disclosure,issuer_disclosure,data,server_verified_issuer_filing_pdf|embedded_page_cited_industry_facts,real_required,2026-10-04: docs/book/industry_cases.json: SHOP; exact document URL/SHA256/bytes and physical PDF pages; audit boundary per metric,2026-10-04: tests/industry_case_api_test.rs + industry_case_registry_test.rs: book_saas_arr independent worked value and units,2026-10-04: web/e2e/real.spec.ts: every historical industry case; dark/light theme and narrow-screen checks passed
book_saas_cac_payback,SaaS CAC Payback,原书行业专属指标,2_company_disclosure,issuer_disclosure,data,server_verified_issuer_filing_pdf|embedded_page_cited_industry_facts,real_required,2026-10-04: docs/book/industry_cases.json: SMWB; exact document URL/SHA256/bytes and physical PDF pages; audit boundary per metric,2026-10-04: tests/industry_case_api_test.rs + industry_case_registry_test.rs: book_saas_cac_payback independent worked value and units,2026-10-04: web/e2e/real.spec.ts: every historical industry case; dark/light theme and narrow-screen checks passed
book_saas_churn,SaaS Churn,原书行业专属指标,2_company_disclosure,issuer_disclosure,data,server_verified_issuer_filing_pdf|embedded_page_cited_industry_facts,real_required,2026-10-04: docs/book/industry_cases.json: ZM; exact document URL/SHA256/bytes and physical PDF pages; audit boundary per metric,2026-10-04: tests/industry_case_api_test.rs + industry_case_registry_test.rs: book_saas_churn independent worked value and units,2026-10-04: web/e2e/real.spec.ts: every historical industry case; dark/light theme and narrow-screen checks passed
book_saas_nrr,SaaS NRR,原书行业专属指标,2_company_disclosure,issuer_disclosure,data,server_verified_issuer_filing_pdf|embedded_page_cited_industry_facts,real_required,2026-10-04: docs/book/industry_cases.json: SNOW; exact document URL/SHA256/bytes and physical PDF pages; audit boundary per metric,2026-10-04: tests/industry_case_api_test.rs + industry_case_registry_test.rs: book_saas_nrr independent worked value and units,2026-10-04: web/e2e/real.spec.ts: every historical industry case; dark/light theme and narrow-screen checks passed
book_saas_rule_of_40,SaaS Rule of 40,原书行业专属指标,2_company_disclosure,issuer_disclosure,data,server_verified_issuer_filing_pdf|embedded_page_cited_industry_facts,real_required,2026-10-04: docs/book/industry_cases.json: SHOP; exact document URL/SHA256/bytes and physical PDF pages; audit boundary per metric,2026-10-04: tests/industry_case_api_test.rs + industry_case_registry_test.rs: book_saas_rule_of_40 independent worked value and units,2026-10-04: web/e2e/real.spec.ts: every historical industry case; dark/light theme and narrow-screen checks passed
book_seasonality,Seasonality / Seasonals,原书补充·技术实践,shared_market_result,crypto|cn_equity|us_equity,data,documented_input_or_market_snapshot,evidence_required,,,
book_second_order_greeks,二阶 Greeks,原书补充·技术实践,4_derivatives_chain_history,us_equity,data|compare,timestamped_option_chain|underlying_price,evidence_required,,,
book_semiconductor_asp,半导体 ASP,原书行业专属指标,2_company_disclosure,issuer_disclosure,data,server_verified_issuer_filing_pdf|embedded_page_cited_industry_facts,real_required,2026-10-04: docs/book/industry_cases.json: 0981.HK; exact document URL/SHA256/bytes and physical PDF pages; audit boundary per metric,2026-10-04: tests/industry_case_api_test.rs + industry_case_registry_test.rs: book_semiconductor_asp independent worked value and units,2026-10-04: web/e2e/real.spec.ts: every historical industry case; dark/light theme and narrow-screen checks passed
book_semiconductor_utilization,半导体产能利用率,原书行业专属指标,2_company_disclosure,issuer_disclosure,data,server_verified_issuer_filing_pdf|embedded_page_cited_industry_facts,real_required,2026-10-04: docs/book/industry_cases.json: 0981.HK; exact document URL/SHA256/bytes and physical PDF pages; audit boundary per metric,2026-10-04: tests/industry_case_api_test.rs + industry_case_registry_test.rs: book_semiconductor_utilization independent worked value and units,2026-10-04: web/e2e/real.spec.ts: every historical industry case; dark/light theme and narrow-screen checks passed
book_sending_receiving,Receiving addresses / Sending addresses,衍生品与链上,4_derivatives_chain_history,crypto,data,server_fetched_bitcoin_mainnet_pinned_block_transaction_first_page,real_required,,,
book_share_counts,股本结构,发行人历史披露,1_stock_history_execution,issuer_disclosure,data,server_verified_issuer_filing_pdf|embedded_page_cited_industry_facts,real_required,2026-09-30 Moutai FY2025 https://static.cninfo.com.cn/finalpage/2026-04-17/1225114741.PDF p47 published 2026-04-17 as of 2025-12-31,Total and unrestricted 1252270215 shares; 1256197800 - 3927585 cancellation = 1252270215; restricted residual 0; no free float,API and live browser independently retrieve PDF and extract p47; dark light mobile screenshots reviewed
book_shipping_tce,航运 TCE,原书行业专属指标,2_company_disclosure,issuer_disclosure,data,server_verified_issuer_filing_pdf|embedded_page_cited_industry_facts,real_required,2026-10-04: docs/book/industry_cases.json: FRO; exact document URL/SHA256/bytes and physical PDF pages; audit boundary per metric,2026-10-04: tests/industry_case_api_test.rs + industry_case_registry_test.rs: book_shipping_tce independent worked value and units,2026-10-04: web/e2e/real.spec.ts: every historical industry case; dark/light theme and narrow-screen checks passed
book_smi_ergodic_indicator,SMI Ergodic Indicator,原书补充·技术实践,shared_market_result,crypto|cn_equity|us_equity,data|backtest|compare,completed_ohlcv,real_required,,,
book_smi_ergodic_oscillator,SMI Ergodic Oscillator,原书补充·技术实践,shared_market_result,crypto|cn_equity|us_equity,data|backtest|compare,completed_ohlcv,real_required,,,
book_social_attention,社交热度,原书补充·技术实践,shared_market_result,crypto|cn_equity|us_equity,data,documented_input_or_market_snapshot,evidence_required,,,
book_sopr,Spent Output Profit Ratio (SOPR),衍生品与链上,4_derivatives_chain_history,crypto,data,timestamped_derivatives_or_blockchain_observations,evidence_required,,,
book_special_k,Pring’s Special K,原书补充·技术实践,shared_market_result,crypto|cn_equity|us_equity,data|backtest|compare,completed_ohlcv,real_required,,,
book_stochastic_momentum_index,Stochastic Momentum Index (SMI),原书补充·技术实践,shared_market_result,crypto|cn_equity|us_equity,data|backtest|compare,completed_ohlcv,real_required,,,
book_stock_flow,Stock-to-Flow Ratio in USD,衍生品与链上,4_derivatives_chain_history,crypto,data,timestamped_derivatives_or_blockchain_observations,evidence_required,,,
book_supply_equality,Supply Equality Ratio,衍生品与链上,4_derivatives_chain_history,crypto,data,timestamped_derivatives_or_blockchain_observations,evidence_required,,,
book_technical_ratings,Technical Ratings,原书补充·技术实践,shared_market_result,crypto|cn_equity|us_equity,data,documented_input_or_market_snapshot,evidence_required,,,
book_telecom_arpu,电信 ARPU,原书行业专属指标,2_company_disclosure,issuer_disclosure,data,server_verified_issuer_filing_pdf|embedded_page_cited_industry_facts,real_required,2026-10-04: docs/book/industry_cases.json: VZ; exact document URL/SHA256/bytes and physical PDF pages; audit boundary per metric,2026-10-04: tests/industry_case_api_test.rs + industry_case_registry_test.rs: book_telecom_arpu independent worked value and units,2026-10-04: web/e2e/real.spec.ts: every historical industry case; dark/light theme and narrow-screen checks passed
book_telecom_churn,电信流失率,原书行业专属指标,2_company_disclosure,issuer_disclosure,data,server_verified_issuer_filing_pdf|embedded_page_cited_industry_facts,real_required,2026-10-04: docs/book/industry_cases.json: VZ; exact document URL/SHA256/bytes and physical PDF pages; audit boundary per metric,2026-10-04: tests/industry_case_api_test.rs + industry_case_registry_test.rs: book_telecom_churn independent worked value and units,2026-10-04: web/e2e/real.spec.ts: every historical industry case; dark/light theme and narrow-screen checks passed
book_tema,DEMA、TEMA,原书补充·技术实践,shared_market_result,crypto|cn_equity|us_equity,data|backtest|compare,completed_ohlcv,real_required,,,
book_top_accounts,Top trader long/short accounts / ratio,衍生品与链上,4_derivatives_chain_history,crypto,data,timestamped_derivatives_or_blockchain_observations,evidence_required,,,
book_top_positions,Top trader long/short positions / ratio,衍生品与链上,4_derivatives_chain_history,crypto,data,timestamped_derivatives_or_blockchain_observations,evidence_required,,,
book_total_gas,Total gas used,衍生品与链上,4_derivatives_chain_history,crypto,data,timestamped_derivatives_or_blockchain_observations,evidence_required,,,
book_trade_volume,成交量与成交额,原书教学输入,shared_market_result,crypto,data,24_completed_binance_usdt_spot_1h_klines_with_quote_asset_volume,real_required,,,
book_trading_sessions,Trading Sessions,原书补充·技术实践,shared_market_result,crypto|cn_equity|us_equity,data|backtest|compare,completed_ohlcv,real_required,,,
book_transaction_bytes,Mean transaction size in bytes / Total transactions size in bytes,衍生品与链上,4_derivatives_chain_history,crypto,data,server_fetched_bitcoin_mainnet_pinned_block_transaction_first_page,real_required,,,
book_transaction_fees,Mean / Median transaction fees / Transaction fees,衍生品与链上,4_derivatives_chain_history,crypto,data,server_fetched_bitcoin_mainnet_pinned_block_transaction_first_page,real_required,,,
book_transaction_rate,Transaction rate,衍生品与链上,4_derivatives_chain_history,crypto,data,server_fetched_bitcoin_mainnet_blocks,real_required,,,
book_transaction_volume,Average transaction volume / Large transaction volume,衍生品与链上,4_derivatives_chain_history,crypto,data,timestamped_derivatives_or_blockchain_observations,evidence_required,,,
book_transfer_rate,Transfer count / Transfer rate,衍生品与链上,4_derivatives_chain_history,crypto,data,timestamped_derivatives_or_blockchain_observations,evidence_required,,,
book_transfer_volume,Mean / Median transfer volume,衍生品与链上,4_derivatives_chain_history,crypto,data,timestamped_derivatives_or_blockchain_observations,evidence_required,,,
book_trend_strength_index,Trend Strength Index,原书补充·技术实践,shared_market_result,crypto|cn_equity|us_equity,data|backtest|compare,completed_ohlcv,real_required,,,
book_trix,TRIX,原书补充·技术实践,shared_market_result,crypto|cn_equity|us_equity,data|backtest|compare,completed_ohlcv,real_required,,,
book_true_range,True Range,原书补充·技术实践,shared_market_result,crypto|cn_equity|us_equity,data|backtest|compare,completed_ohlcv,real_required,,,
book_twap,Time Weighted Average Price (TWAP),原书补充·技术实践,shared_market_result,crypto|cn_equity|us_equity,data|backtest|compare,completed_ohlcv,real_required,,,
book_utxo_counts,Created UTXOs / Spent UTXOs / Total UTXOs,衍生品与链上,4_derivatives_chain_history,crypto,data,server_fetched_bitcoin_mainnet_pinned_block_transaction_first_page,real_required,,,
book_utxo_totals,Total UTXO value created / spent,衍生品与链上,4_derivatives_chain_history,crypto,data,server_fetched_bitcoin_mainnet_pinned_block_transaction_first_page,real_required,,,
book_utxo_value_stats,Mean / Median UTXO value created / spent,衍生品与链上,4_derivatives_chain_history,crypto,data,server_fetched_bitcoin_mainnet_pinned_block_transaction_first_page,real_required,,,
book_visible_average_price,Visible Average Price,原书补充·技术实践,shared_market_result,crypto|cn_equity|us_equity,data|backtest|compare,completed_ohlcv,real_required,,,
book_volatility_stop,Volatility Stop,原书补充·技术实践,shared_market_result,crypto|cn_equity|us_equity,data|backtest|compare,completed_ohlcv,real_required,,,
book_volume_24h,24 小时成交量（24-hour Volume）,衍生品与链上,4_derivatives_chain_history,crypto,data,24_consecutive_completed_1h_ohlcv,real_required,,,
book_volume_price_quadrant,量价四象限,原书补充·技术实践,shared_market_result,crypto|cn_equity|us_equity,data|backtest|compare,completed_ohlcv,real_required,,,
book_vortex,Vortex Indicator,原书补充·技术实践,shared_market_result,crypto|cn_equity|us_equity,data|backtest|compare,completed_ohlcv,real_required,,,
book_woodies_cci,Woodies CCI,原书补充·技术实践,shared_market_result,crypto|cn_equity|us_equity,data|backtest|compare,completed_ohlcv,real_required,,,
book_yoy,同比,原书教学输入,2_company_disclosure,us_equity,data,server_fetched_verified_issuer_filing_pdf|embedded_checked_filing_facts,real_required,2026-10-04: https://www.apple.com/newsroom/pdfs/fy2025-q4/FY25_Q4_Consolidated_Financial_Statements.pdf SHA256=43e7f0730b3cce0fc37301a2f43c29712bbde6ab299d97c6df345fd0c754508a; FY2025/FY2024 unaudited; src/filing_case.rs,2026-10-04: tests/filing_case_api_test.rs; src/filing_case.rs public evaluate tests; independently checked issuer facts and report-year units,2026-10-04: web/e2e/real.spec.ts: Apple filing case; dark/light theme and narrow-screen checks passed
bop,Balance of Power,动量,shared_market_result,crypto|cn_equity|us_equity,data|backtest|compare,completed_ohlcv,real_required,,,
breadth_thrust,Breadth Thrust 广度冲量,市场宽度,3_market_breadth,us_equity,data,fixed_dow30_2024_11_08|per_member_us_equity_daily_ohlcv|aligned_session_coverage_27_of_30,real_required,"2026-10-04: S&P DJI 2024-11-01 official constituent change; fixed 2024-11-08 Dow-30 names applied retrospectively; all 30 per-member Yahoo raw chart URLs and provenance captured in target/market-breadth-live-smoke.json, as_of=2026-10-02, coverage=30/30; not official historical index membership","2026-10-04: tests/market_breadth_api_test.rs and tests/breadth_contract_test.rs; independently re-fetched all 30 raw Yahoo responses: advances=17 declines=12 unchanged=1, up_volume=299193600 down_volume=231517500, new highs=1 new lows=1, TRIN=1.0962237327269033 and up/down ratio=1.292315267744339 match API; concept-specific warmup and P&F cases tested",2026-10-04: web/e2e/market-breadth.real.spec.ts live Chromium knowledge-card to data-practice flow verified with true provider-backed response and concept-specific visual
bullish_percent,Bullish Percent Index 牛市百分比,市场宽度,3_market_breadth,us_equity,data,fixed_dow30_2024_11_08|per_member_us_equity_daily_ohlcv|aligned_session_coverage_27_of_30|persistent_1pct_3box_point_figure_history,real_required,"2026-10-04: S&P DJI 2024-11-01 official constituent change; fixed 2024-11-08 Dow-30 names applied retrospectively; all 30 per-member Yahoo raw chart URLs and provenance captured in target/market-breadth-live-smoke.json, as_of=2026-10-02, coverage=30/30; not official historical index membership","2026-10-04: tests/market_breadth_api_test.rs and tests/breadth_contract_test.rs; independently re-fetched all 30 raw Yahoo responses: advances=17 declines=12 unchanged=1, up_volume=299193600 down_volume=231517500, new highs=1 new lows=1, TRIN=1.0962237327269033 and up/down ratio=1.292315267744339 match API; concept-specific warmup and P&F cases tested",2026-10-04: web/e2e/market-breadth.real.spec.ts live Chromium knowledge-card to data-practice flow verified with true provider-backed response and concept-specific visual
buyback_rate,回购率 / 注销率,股东,2_company_disclosure,issuer_disclosure,data,verified_dated_ownership_or_analyst_disclosures|page_cited_same_scope_facts,real_required,2026-10-04: docs/book/ownership_cases.json: 600519; exact original source URL/SHA256/bytes; dates and physical pages/CSV rows,2026-10-04: tests/disclosure_ownership_api_test.rs: buyback_rate independent denominator/entity/period reconciliation,2026-10-04: web/e2e/real.spec.ts: every ownership and analyst disclosure; dark/light theme and narrow-screen checks passed
cagr,CAGR 复合年增长率,风险-绩效,shared_market_result,crypto|cn_equity|us_equity,backtest|paper|compare,matched_result_bars|real_equity_curve,result_required,,,
calmar,Calmar 比率,风险-绩效,shared_market_result,crypto|cn_equity|us_equity,backtest|paper|compare,matched_result_bars|real_equity_curve,result_required,,,
capture_ratio,上行/下行捕获率,风险-绩效,shared_market_result,crypto|cn_equity|us_equity,backtest|paper|compare,matched_result_bars|real_strategy_returns|same_period_benchmark_returns,result_required,,,
cci,CCI 商品通道,动量,shared_market_result,crypto|cn_equity|us_equity,data|backtest|compare,completed_ohlcv,real_required,,,
chaikin_osc,Chaikin Oscillator,成交量,shared_market_result,crypto|cn_equity|us_equity,data|backtest|compare,completed_ohlcv,real_required,,,
chaikin_vol,Chaikin Volatility,波动率,shared_market_result,crypto|cn_equity|us_equity,data|backtest|compare,completed_ohlcv,real_required,,,
chip_distribution,筹码分布 / 持仓成本,成交量分布,shared_market_result,crypto|cn_equity|us_equity,data,documented_input_or_market_snapshot,evidence_required,,,
cmf,CMF 蔡金资金流,成交量,shared_market_result,crypto|cn_equity|us_equity,data|backtest|compare,completed_ohlcv,real_required,,,
cmo,CMO Chande 动量,动量,shared_market_result,crypto|cn_equity|us_equity,data|backtest|compare,completed_ohlcv,real_required,,,
consensus,一致预期 Consensus,分析师,2_company_disclosure,issuer_disclosure,data,verified_dated_ownership_or_analyst_disclosures|page_cited_same_scope_facts,real_required,2026-10-04: docs/book/ownership_cases.json: AIR.PA; exact original source URL/SHA256/bytes; dates and physical pages/CSV rows,2026-10-04: tests/disclosure_ownership_api_test.rs: consensus independent denominator/entity/period reconciliation,2026-10-04: web/e2e/real.spec.ts: every ownership and analyst disclosure; dark/light theme and narrow-screen checks passed
coppock,Coppock Curve,动量,shared_market_result,crypto|cn_equity|us_equity,data|backtest|compare,completed_ohlcv,real_required,,,
cr,CR 能量指标,动量-中国市场,shared_market_result,crypto|cn_equity|us_equity,data|backtest|compare,completed_ohlcv,real_required,,,
cvar,CVaR 条件风险价值,风险-绩效,shared_market_result,crypto|cn_equity|us_equity,backtest|paper|compare,matched_result_bars|real_return_series,result_required,,,
cvd,CVD 累计成交量差,成交量,shared_market_result,crypto,data,24_completed_binance_usdt_spot_1h_klines_with_total_and_taker_buy_volumes,real_required,,,
ddx_ddy_ddz,DDX/DDY/DDZ,成交量分布,shared_market_result,crypto|cn_equity|us_equity,data,documented_input_or_market_snapshot,evidence_required,,,
delta,Delta,期权,4_derivatives_chain_history,us_equity,data|compare,timestamped_option_chain|underlying_price,evidence_required,,,
dema,DEMA 双重指数移动平均,趋势-均线,shared_market_result,crypto|cn_equity|us_equity,data|backtest|compare,completed_ohlcv,real_required,,,
demarker,DeMarker,动量,shared_market_result,crypto|cn_equity|us_equity,data|backtest|compare,completed_ohlcv,real_required,,,
dmi_adx,DMI / ADX,趋势,shared_market_result,crypto|cn_equity|us_equity,data|backtest|compare,completed_ohlcv,real_required,,,
donchian,Donchian Channel,趋势,shared_market_result,crypto|cn_equity|us_equity,data|backtest|compare,completed_ohlcv,real_required,,,
dpo,DPO 去趋势价格,动量,shared_market_result,crypto|cn_equity|us_equity,data|backtest|compare,completed_ohlcv,real_required,,,
dupont,杜邦分析,盈利,2_company_disclosure,us_equity,data,server_fetched_verified_issuer_filing_pdf|embedded_checked_filing_facts,real_required,2026-10-04: https://www.apple.com/newsroom/pdfs/fy2025-q4/FY25_Q4_Consolidated_Financial_Statements.pdf SHA256=43e7f0730b3cce0fc37301a2f43c29712bbde6ab299d97c6df345fd0c754508a; FY2025/FY2024 unaudited; src/filing_case.rs,2026-10-04: tests/filing_case_api_test.rs; src/filing_case.rs public evaluate tests; independently checked issuer facts and report-year units,2026-10-04: web/e2e/real.spec.ts: Apple filing case; dark/light theme and narrow-screen checks passed
earnings_surprise,业绩超预期 Earnings Surprise,分析师,2_company_disclosure,issuer_disclosure,data,verified_dated_ownership_or_analyst_disclosures|page_cited_same_scope_facts,real_required,2026-10-04: docs/book/ownership_cases.json: AIR.PA; exact original source URL/SHA256/bytes; dates and physical pages/CSV rows,2026-10-04: tests/disclosure_ownership_api_test.rs: earnings_surprise independent denominator/entity/period reconciliation,2026-10-04: web/e2e/real.spec.ts: every ownership and analyst disclosure; dark/light theme and narrow-screen checks passed
elder_ray,Elder Ray Bull/Bear Power,动量,shared_market_result,crypto|cn_equity|us_equity,data|backtest|compare,completed_ohlcv,real_required,,,
elliott_wave,艾略特波浪,形态,shared_market_result,crypto|cn_equity|us_equity,data,documented_input_or_market_snapshot,evidence_required,,,
ema,EMA 指数移动平均,趋势-均线,shared_market_result,crypto|cn_equity|us_equity,data|backtest|compare,completed_ohlcv,real_required,,,
eps,EPS 每股收益,估值,2_company_disclosure,us_equity,data,server_fetched_verified_issuer_filing_pdf|embedded_checked_filing_facts,real_required,2026-10-04: https://www.apple.com/newsroom/pdfs/fy2025-q4/FY25_Q4_Consolidated_Financial_Statements.pdf SHA256=43e7f0730b3cce0fc37301a2f43c29712bbde6ab299d97c6df345fd0c754508a; FY2025/FY2024 unaudited; src/filing_case.rs,2026-10-04: tests/filing_case_api_test.rs; src/filing_case.rs public evaluate tests; independently checked issuer facts and report-year units,2026-10-04: web/e2e/real.spec.ts: Apple filing case; dark/light theme and narrow-screen checks passed
ev_ebitda,EV/EBITDA,估值,2_company_disclosure,us_equity,data,issuer_financial_disclosures|nasdaq_historical_close_observations,real_required,2026-10-04: docs/book/valuation_cases.json: AAPL; exact original documents and canonical dated Nasdaq/FRED observations; no historical availability inferred,2026-10-04: tests/disclosure_valuation_api_test.rs + disclosure_valuation_registry_test.rs: ev_ebitda independent worked value; assumptions explicit,"2026-10-04: web/e2e/valuation.real.spec.ts: knowledge-card navigation, source links, formula, dark/light/mobile and factor breakdown; dark/light theme and narrow-screen checks passed"
fcf,FCF 自由现金流,现金流,2_company_disclosure,us_equity,data,server_fetched_verified_issuer_filing_pdf|embedded_checked_filing_facts,real_required,2026-10-04: https://www.apple.com/newsroom/pdfs/fy2025-q4/FY25_Q4_Consolidated_Financial_Statements.pdf SHA256=43e7f0730b3cce0fc37301a2f43c29712bbde6ab299d97c6df345fd0c754508a; FY2025/FY2024 unaudited; src/filing_case.rs,2026-10-04: tests/filing_case_api_test.rs; src/filing_case.rs public evaluate tests; independently checked issuer facts and report-year units,2026-10-04: web/e2e/real.spec.ts: Apple filing case; dark/light theme and narrow-screen checks passed
fibonacci_extension,斐波那契扩展,形态,shared_market_result,crypto|cn_equity|us_equity,data|backtest|compare,completed_ohlcv,real_required,,,
fibonacci_retracement,斐波那契回撤,形态,shared_market_result,crypto|cn_equity|us_equity,data|backtest|compare,completed_ohlcv,real_required,,,
fisher_transform,Fisher Transform,动量,shared_market_result,crypto|cn_equity|us_equity,data|backtest|compare,completed_ohlcv,real_required,,,
footprint,Footprint 足迹图,成交量分布,shared_market_result,crypto|cn_equity|us_equity,data,documented_input_or_market_snapshot,evidence_required,,,
force_index,Force Index,成交量,shared_market_result,crypto|cn_equity|us_equity,data|backtest|compare,completed_ohlcv,real_required,,,
forecast_dispersion,预测分歧,分析师,2_company_disclosure,issuer_disclosure,data,verified_dated_ownership_or_analyst_disclosures|page_cited_same_scope_facts,real_required,2026-10-04: docs/book/ownership_cases.json: LIGHT.AS; exact original source URL/SHA256/bytes; dates and physical pages/CSV rows,2026-10-04: tests/disclosure_ownership_api_test.rs: forecast_dispersion independent denominator/entity/period reconciliation,2026-10-04: web/e2e/real.spec.ts: every ownership and analyst disclosure; dark/light theme and narrow-screen checks passed
fractal,Fractal 分形,趋势-Bill Williams,shared_market_result,crypto|cn_equity|us_equity,data|backtest|compare,completed_ohlcv,real_required,,,
gamma,Gamma,期权,4_derivatives_chain_history,us_equity,data|compare,timestamped_option_chain|underlying_price,evidence_required,,,
gex_dex,GEX / DEX Gamma/Delta Exposure,期权,4_derivatives_chain_history,us_equity,data|compare,timestamped_option_chain|underlying_price,evidence_required,,,
goodwill_ratio,商誉 / 无形资产占比,财务质量,2_company_disclosure,us_equity,data,issuer_financial_disclosures,real_required,2026-10-04: docs/book/valuation_cases.json: EBAY; exact original documents and canonical dated Nasdaq/FRED observations; no historical availability inferred,2026-10-04: tests/disclosure_valuation_api_test.rs + disclosure_valuation_registry_test.rs: goodwill_ratio independent worked value; assumptions explicit,"2026-10-04: web/e2e/valuation.real.spec.ts: knowledge-card navigation, source links, formula, dark/light/mobile and factor breakdown; dark/light theme and narrow-screen checks passed"
hma,HMA Hull 移动平均,趋势-均线,shared_market_result,crypto|cn_equity|us_equity,data|backtest|compare,completed_ohlcv,real_required,,,
holder_concentration,股东户数 / 集中度,股东,2_company_disclosure,issuer_disclosure,data,verified_dated_ownership_or_analyst_disclosures|page_cited_same_scope_facts,real_required,2026-10-04: docs/book/ownership_cases.json: 600519; exact original source URL/SHA256/bytes; dates and physical pages/CSV rows,2026-10-04: tests/disclosure_ownership_api_test.rs: holder_concentration independent denominator/entity/period reconciliation,2026-10-04: web/e2e/real.spec.ts: every ownership and analyst disclosure; dark/light theme and narrow-screen checks passed
hurst,Hurst 指数,统计,shared_market_result,crypto|cn_equity|us_equity,data|backtest|compare,completed_ohlcv,real_required,,,
hv,HV 历史波动率,波动率,shared_market_result,crypto|cn_equity|us_equity,data|backtest|compare,completed_ohlcv,real_required,,,
ichimoku,一目均衡表,趋势,shared_market_result,crypto|cn_equity|us_equity,data|backtest|compare,completed_ohlcv,real_required,,,
industry_pe_compare,行业 PE 分位数,行业,2_company_disclosure,us_equity,data,issuer_financial_disclosures|nasdaq_historical_close_observations,real_required,2026-10-04: docs/book/valuation_cases.json: AAPL; exact original documents and canonical dated Nasdaq/FRED observations; no historical availability inferred,2026-10-04: tests/disclosure_valuation_api_test.rs + disclosure_valuation_registry_test.rs: industry_pe_compare independent worked value; assumptions explicit,"2026-10-04: web/e2e/valuation.real.spec.ts: knowledge-card navigation, source links, formula, dark/light/mobile and factor breakdown; dark/light theme and narrow-screen checks passed"
information_ratio,Information Ratio 信息比率,风险-绩效,shared_market_result,crypto|cn_equity|us_equity,backtest|paper|compare,matched_result_bars|real_strategy_returns|same_period_benchmark_returns,result_required,,,
inside_outside,内盘 / 外盘,盘口,shared_market_result,crypto,data,24_completed_binance_usdt_spot_1h_klines_with_total_and_taker_buy_volumes,real_required,,,
insider_trading,内部人交易,股东,2_company_disclosure,issuer_disclosure,data,verified_dated_ownership_or_analyst_disclosures|page_cited_same_scope_facts,real_required,2026-10-04: docs/book/ownership_cases.json: 600519; exact original source URL/SHA256/bytes; dates and physical pages/CSV rows,2026-10-04: tests/disclosure_ownership_api_test.rs: insider_trading independent denominator/entity/period reconciliation,2026-10-04: web/e2e/real.spec.ts: every ownership and analyst disclosure; dark/light theme and narrow-screen checks passed
institution_holding,机构持股比例,股东,2_company_disclosure,issuer_disclosure,data,verified_dated_ownership_or_analyst_disclosures|page_cited_same_scope_facts,real_required,2026-10-04: docs/book/ownership_cases.json: 600519; exact original source URL/SHA256/bytes; dates and physical pages/CSV rows,2026-10-04: tests/disclosure_ownership_api_test.rs: institution_holding independent denominator/entity/period reconciliation,2026-10-04: web/e2e/real.spec.ts: every ownership and analyst disclosure; dark/light theme and narrow-screen checks passed
iv,隐含波动率 IV,期权,4_derivatives_chain_history,us_equity,data|compare,timestamped_option_chain|underlying_price,evidence_required,,,
iv_rank,IV Rank,期权,4_derivatives_chain_history,us_equity,data|compare,timestamped_option_chain|underlying_price,evidence_required,,,
iv_term_structure,IV Term Structure 隐含波动率期限结构,期权,4_derivatives_chain_history,us_equity,data|compare,timestamped_option_chain|underlying_price,evidence_required,,,
k_pattern_doji,十字星,K线形态,shared_market_result,crypto|cn_equity|us_equity,data|backtest|compare,completed_ohlcv,real_required,,,
k_pattern_engulfing,吞没形态,K线形态,shared_market_result,crypto|cn_equity|us_equity,data|backtest|compare,completed_ohlcv,real_required,,,
k_pattern_hammer,锤子线 / 上吊线,K线形态,shared_market_result,crypto|cn_equity|us_equity,data|backtest|compare,completed_ohlcv,real_required,,,
k_pattern_star,早晨之星 / 黄昏之星,K线形态,shared_market_result,crypto|cn_equity|us_equity,data|backtest|compare,completed_ohlcv,real_required,,,
kdj,KDJ,动量,shared_market_result,crypto|cn_equity|us_equity,data|backtest|compare,completed_ohlcv,real_required,,,
keltner,Keltner Channel,趋势,shared_market_result,crypto|cn_equity|us_equity,data|backtest|compare,completed_ohlcv,real_required,,,
klinger,Klinger Oscillator,成交量,shared_market_result,crypto|cn_equity|us_equity,data|backtest|compare,completed_ohlcv,real_required,,,
kst,KST Know Sure Thing,动量,shared_market_result,crypto|cn_equity|us_equity,data|backtest|compare,completed_ohlcv,real_required,,,
kurtosis,峰度 Kurtosis,风险-绩效,shared_market_result,crypto|cn_equity|us_equity,backtest|paper|compare,matched_result_bars|real_return_series,result_required,,,
latest_price,最新价 / 昨收 / 涨跌,行情,shared_market_result,crypto|cn_equity|us_equity,data|backtest|compare,completed_ohlcv,real_required,,,
macd,MACD,趋势,shared_market_result,crypto|cn_equity|us_equity,data|backtest|compare,completed_ohlcv,real_required,,,
mass_index,Mass Index,波动率,shared_market_result,crypto|cn_equity|us_equity,data|backtest|compare,completed_ohlcv,real_required,,,
max_drawdown,最大回撤,风险-绩效,shared_market_result,crypto|cn_equity|us_equity,backtest|paper|compare,matched_result_bars|real_equity_curve,result_required,,,
max_pain,Max Pain 最大痛点,期权,4_derivatives_chain_history,us_equity,data|compare,timestamped_option_chain|underlying_price,evidence_required,,,
mcclellan,McClellan Oscillator,市场宽度,3_market_breadth,us_equity,data,fixed_dow30_2024_11_08|per_member_us_equity_daily_ohlcv|aligned_session_coverage_27_of_30|39_session_warmup,real_required,"2026-10-04: S&P DJI 2024-11-01 official constituent change; fixed 2024-11-08 Dow-30 names applied retrospectively; all 30 per-member Yahoo raw chart URLs and provenance captured in target/market-breadth-live-smoke.json, as_of=2026-10-02, coverage=30/30; not official historical index membership","2026-10-04: tests/market_breadth_api_test.rs and tests/breadth_contract_test.rs; independently re-fetched all 30 raw Yahoo responses: advances=17 declines=12 unchanged=1, up_volume=299193600 down_volume=231517500, new highs=1 new lows=1, TRIN=1.0962237327269033 and up/down ratio=1.292315267744339 match API; concept-specific warmup and P&F cases tested",2026-10-04: web/e2e/market-breadth.real.spec.ts live Chromium knowledge-card to data-practice flow verified with true provider-backed response and concept-specific visual
mfi,MFI 资金流量指数,成交量,shared_market_result,crypto|cn_equity|us_equity,data|backtest|compare,completed_ohlcv,real_required,,,
momentum,Momentum,动量,shared_market_result,crypto|cn_equity|us_equity,data|backtest|compare,completed_ohlcv,real_required,,,
new_high_low,新高 / 新低,市场宽度,3_market_breadth,us_equity,data,fixed_dow30_2024_11_08|per_member_us_equity_daily_ohlcv|aligned_session_coverage_27_of_30|252_prior_sessions,real_required,"2026-10-04: S&P DJI 2024-11-01 official constituent change; fixed 2024-11-08 Dow-30 names applied retrospectively; all 30 per-member Yahoo raw chart URLs and provenance captured in target/market-breadth-live-smoke.json, as_of=2026-10-02, coverage=30/30; not official historical index membership","2026-10-04: tests/market_breadth_api_test.rs and tests/breadth_contract_test.rs; independently re-fetched all 30 raw Yahoo responses: advances=17 declines=12 unchanged=1, up_volume=299193600 down_volume=231517500, new highs=1 new lows=1, TRIN=1.0962237327269033 and up/down ratio=1.292315267744339 match API; concept-specific warmup and P&F cases tested",2026-10-04: web/e2e/market-breadth.real.spec.ts live Chromium knowledge-card to data-practice flow verified with true provider-backed response and concept-specific visual
nvi,NVI 负成交量指数,成交量,shared_market_result,crypto|cn_equity|us_equity,data|backtest|compare,completed_ohlcv,real_required,,,
obv,OBV 能量潮,成交量,shared_market_result,crypto|cn_equity|us_equity,data|backtest|compare,completed_ohlcv,real_required,,,
ohlc,开高低收(OHLC),行情,shared_market_result,crypto|cn_equity|us_equity,data|backtest|compare,completed_ohlcv,real_required,,,
parabolic_sar,Parabolic SAR,趋势,shared_market_result,crypto|cn_equity|us_equity,data|backtest|compare,completed_ohlcv,real_required,,,
pb,市净率 PB,估值,2_company_disclosure,us_equity,data,issuer_financial_disclosures|nasdaq_historical_close_observations,real_required,2026-10-04: docs/book/valuation_cases.json: AAPL; exact original documents and canonical dated Nasdaq/FRED observations; no historical availability inferred,2026-10-04: tests/disclosure_valuation_api_test.rs + disclosure_valuation_registry_test.rs: pb independent worked value; assumptions explicit,"2026-10-04: web/e2e/valuation.real.spec.ts: knowledge-card navigation, source links, formula, dark/light/mobile and factor breakdown; dark/light theme and narrow-screen checks passed"
pe,市盈率 PE,估值,2_company_disclosure,us_equity,data,issuer_financial_disclosures|nasdaq_historical_close_observations,real_required,2026-10-04: docs/book/valuation_cases.json: AAPL; exact original documents and canonical dated Nasdaq/FRED observations; no historical availability inferred,2026-10-04: tests/disclosure_valuation_api_test.rs + disclosure_valuation_registry_test.rs: pe independent worked value; assumptions explicit,"2026-10-04: web/e2e/valuation.real.spec.ts: knowledge-card navigation, source links, formula, dark/light/mobile and factor breakdown; dark/light theme and narrow-screen checks passed"
peg,PEG,估值,2_company_disclosure,us_equity,data,issuer_financial_disclosures|nasdaq_historical_close_observations,real_required,2026-10-04: docs/book/valuation_cases.json: AAPL; exact original documents and canonical dated Nasdaq/FRED observations; no historical availability inferred,2026-10-04: tests/disclosure_valuation_api_test.rs + disclosure_valuation_registry_test.rs: peg independent worked value; assumptions explicit,"2026-10-04: web/e2e/valuation.real.spec.ts: knowledge-card navigation, source links, formula, dark/light/mobile and factor breakdown; dark/light theme and narrow-screen checks passed"
piotroski,Piotroski F-Score,财务质量,2_company_disclosure,us_equity,data,issuer_financial_disclosures,real_required,2026-10-04: docs/book/valuation_cases.json: AAPL; exact original documents and canonical dated Nasdaq/FRED observations; no historical availability inferred,2026-10-04: tests/disclosure_valuation_api_test.rs + disclosure_valuation_registry_test.rs: piotroski independent worked value; assumptions explicit,"2026-10-04: web/e2e/valuation.real.spec.ts: knowledge-card navigation, source links, formula, dark/light/mobile and factor breakdown; dark/light theme and narrow-screen checks passed"
pitfall_divergence,背离 ≠ 立即反转,误区,shared_market_result,crypto|cn_equity|us_equity,data|backtest|compare,completed_ohlcv,real_required,,,
pitfall_golden_cross,金叉 ≠ 领先信号,误区,shared_market_result,crypto|cn_equity|us_equity,data|backtest|compare,completed_ohlcv,real_required,,,
pitfall_high_pe,高 PE ≠ 一定贵,误区,shared_market_result,crypto|cn_equity|us_equity,data,documented_input_or_market_snapshot,evidence_required,,,
pitfall_industry,不同行业不能直接比较,误区,shared_market_result,crypto|cn_equity|us_equity,data,documented_input_or_market_snapshot,evidence_required,,,
pitfall_low_pe,低 PE ≠ 便宜,误区,shared_market_result,crypto|cn_equity|us_equity,data,documented_input_or_market_snapshot,evidence_required,,,
pitfall_main_flow,主力净流入 ≠ 现金真的流入股票,误区,shared_market_result,crypto|cn_equity|us_equity,data,documented_input_or_market_snapshot,evidence_required,,,
pitfall_multi_osc,多个振荡器 ≠ 多重确认,误区,shared_market_result,crypto|cn_equity|us_equity,data|backtest|compare,completed_ohlcv,real_required,,,
pitfall_params,参数没有神圣数字,误区,shared_market_result,crypto|cn_equity|us_equity,data,documented_input_or_market_snapshot,evidence_required,,,
pitfall_rsi,RSI 超买 ≠ 卖出,误区,shared_market_result,crypto|cn_equity|us_equity,data|backtest|compare,completed_ohlcv,real_required,,,
pitfall_volume,成交量放大 ≠ 自动看多,误区,shared_market_result,crypto|cn_equity|us_equity,data|backtest|compare,completed_ohlcv,real_required,,,
pivot_points,Pivot Points 枢轴点,形态,shared_market_result,crypto|cn_equity|us_equity,data|backtest|compare,completed_ohlcv,real_required,,,
ps,市销率 PS,估值,2_company_disclosure,us_equity,data,issuer_financial_disclosures|nasdaq_historical_close_observations,real_required,2026-10-04: docs/book/valuation_cases.json: AAPL; exact original documents and canonical dated Nasdaq/FRED observations; no historical availability inferred,2026-10-04: tests/disclosure_valuation_api_test.rs + disclosure_valuation_registry_test.rs: ps independent worked value; assumptions explicit,"2026-10-04: web/e2e/valuation.real.spec.ts: knowledge-card navigation, source links, formula, dark/light/mobile and factor breakdown; dark/light theme and narrow-screen checks passed"
psy,PSY 心理线,动量-中国市场,shared_market_result,crypto|cn_equity|us_equity,data|backtest|compare,completed_ohlcv,real_required,,,
put_call_ratio,Put/Call Ratio,期权,4_derivatives_chain_history,us_equity,data|compare,timestamped_option_chain|underlying_price,evidence_required,,,
pvt,PVT 量价趋势,成交量,shared_market_result,crypto|cn_equity|us_equity,data|backtest|compare,completed_ohlcv,real_required,,,
restricted_shares,解禁数量 / 解禁市值,股东,2_company_disclosure,issuer_disclosure,data,verified_dated_ownership_or_analyst_disclosures|page_cited_same_scope_facts,real_required,2026-10-04: docs/book/ownership_cases.json: 600519; exact original source URL/SHA256/bytes; dates and physical pages/CSV rows,2026-10-04: tests/disclosure_ownership_api_test.rs: restricted_shares independent denominator/entity/period reconciliation,2026-10-04: web/e2e/real.spec.ts: every ownership and analyst disclosure; dark/light theme and narrow-screen checks passed
revision,预测上调/下调 Revision,分析师,2_company_disclosure,issuer_disclosure,data,verified_dated_ownership_or_analyst_disclosures|page_cited_same_scope_facts,real_required,2026-10-04: docs/book/ownership_cases.json: AIR.PA; exact original source URL/SHA256/bytes; dates and physical pages/CSV rows,2026-10-04: tests/disclosure_ownership_api_test.rs: revision independent denominator/entity/period reconciliation,2026-10-04: web/e2e/real.spec.ts: every ownership and analyst disclosure; dark/light theme and narrow-screen checks passed
rma,RMA Wilder 平滑,趋势-均线,shared_market_result,crypto|cn_equity|us_equity,data|backtest|compare,completed_ohlcv,real_required,,,
roc,ROC 变化率,动量,shared_market_result,crypto|cn_equity|us_equity,data|backtest|compare,completed_ohlcv,real_required,,,
roe,ROE 净资产收益率,盈利,2_company_disclosure,us_equity,data,server_fetched_verified_issuer_filing_pdf|embedded_checked_filing_facts,real_required,2026-10-04: https://www.apple.com/newsroom/pdfs/fy2025-q4/FY25_Q4_Consolidated_Financial_Statements.pdf SHA256=43e7f0730b3cce0fc37301a2f43c29712bbde6ab299d97c6df345fd0c754508a; FY2025/FY2024 unaudited; src/filing_case.rs,2026-10-04: tests/filing_case_api_test.rs; src/filing_case.rs public evaluate tests; independently checked issuer facts and report-year units,2026-10-04: web/e2e/real.spec.ts: Apple filing case; dark/light theme and narrow-screen checks passed
roic,ROIC 投入资本回报率,盈利,2_company_disclosure,us_equity,data,issuer_financial_disclosures,real_required,2026-10-04: docs/book/valuation_cases.json: AAPL; exact original documents and canonical dated Nasdaq/FRED observations; no historical availability inferred,2026-10-04: tests/disclosure_valuation_api_test.rs + disclosure_valuation_registry_test.rs: roic independent worked value; assumptions explicit,"2026-10-04: web/e2e/valuation.real.spec.ts: knowledge-card navigation, source links, formula, dark/light/mobile and factor breakdown; dark/light theme and narrow-screen checks passed"
rolling_correlation,滚动相关系数,统计,shared_market_result,crypto|cn_equity|us_equity,backtest|paper|compare,matched_result_bars|real_strategy_equity|same_period_benchmark_returns,result_required,,,
rsi,RSI 相对强弱,动量,shared_market_result,crypto|cn_equity|us_equity,data|backtest|compare,completed_ohlcv,real_required,,,
rvi,RVI Relative Vigor Index,动量,shared_market_result,crypto|cn_equity|us_equity,data|backtest|compare,completed_ohlcv,real_required,,,
share_pledge,股权质押比例,股东,2_company_disclosure,issuer_disclosure,data,verified_dated_ownership_or_analyst_disclosures|page_cited_same_scope_facts,real_required,2026-10-04: docs/book/ownership_cases.json: 600519; exact original source URL/SHA256/bytes; dates and physical pages/CSV rows,2026-10-04: tests/disclosure_ownership_api_test.rs: share_pledge independent denominator/entity/period reconciliation,2026-10-04: web/e2e/real.spec.ts: every ownership and analyst disclosure; dark/light theme and narrow-screen checks passed
sharpe,Sharpe 夏普比率,风险-绩效,shared_market_result,crypto|cn_equity|us_equity,backtest|paper|compare,matched_result_bars|real_return_series,result_required,,,
short_interest,做空比例 Short Interest,股东,2_company_disclosure,issuer_disclosure,data,verified_dated_ownership_or_analyst_disclosures|page_cited_same_scope_facts,real_required,"2026-10-04: docs/book/ownership_cases.json: ARKW; exact original source URL/SHA256/bytes; dates and physical pages/CSV rows; Cboe ARKW 2026-09-15: shares and days-to-cover verified; float denominator unavailable, percentage not computed",2026-10-04: tests/disclosure_ownership_api_test.rs: short_interest independent denominator/entity/period reconciliation,2026-10-04: web/e2e/real.spec.ts: every ownership and analyst disclosure; dark/light theme and narrow-screen checks passed
skew,Volatility Skew 波动率偏斜,期权,4_derivatives_chain_history,us_equity,data|compare,timestamped_option_chain|underlying_price,evidence_required,,,
skewness,偏度 Skewness,风险-绩效,shared_market_result,crypto|cn_equity|us_equity,backtest|paper|compare,matched_result_bars|real_return_series,result_required,,,
sma,SMA 简单移动平均,趋势-均线,shared_market_result,crypto|cn_equity|us_equity,data|backtest|compare,completed_ohlcv,real_required,,,
sortino,Sortino 索提诺比率,风险-绩效,shared_market_result,crypto|cn_equity|us_equity,backtest|paper|compare,matched_result_bars|real_return_series,result_required,,,
squeeze,BBands-Keltner Squeeze,波动率,shared_market_result,crypto|cn_equity|us_equity,data|backtest|compare,completed_ohlcv,real_required,,,
stoch_rsi,Stochastic RSI,动量,shared_market_result,crypto|cn_equity|us_equity,data|backtest|compare,completed_ohlcv,real_required,,,
stochastic,Stochastic 随机指标,动量,shared_market_result,crypto|cn_equity|us_equity,data|backtest|compare,completed_ohlcv,real_required,,,
supertrend,Supertrend,趋势,shared_market_result,crypto|cn_equity|us_equity,data|backtest|compare,completed_ohlcv,real_required,,,
support_resistance,支撑位 / 阻力位,支撑阻力,shared_market_result,crypto|cn_equity|us_equity,data|backtest|compare,completed_ohlcv,real_required,,,
target_upside,目标价上涨空间,分析师,2_company_disclosure,issuer_disclosure,data,verified_dated_ownership_or_analyst_disclosures|page_cited_same_scope_facts,real_required,2026-10-04: docs/book/ownership_cases.json: AIR.PA; exact original source URL/SHA256/bytes; dates and physical pages/CSV rows,2026-10-04: tests/disclosure_ownership_api_test.rs: target_upside independent denominator/entity/period reconciliation,2026-10-04: web/e2e/real.spec.ts: every ownership and analyst disclosure; dark/light theme and narrow-screen checks passed
td_sequential,神奇九转 / TD 序列,动量-中国市场,shared_market_result,crypto|cn_equity|us_equity,data|backtest|compare,completed_ohlcv,real_required,,,
theta,Theta,期权,4_derivatives_chain_history,us_equity,data|compare,timestamped_option_chain|underlying_price,evidence_required,,,
tick,TICK 腾落指数,市场宽度,3_market_breadth,crypto,data,binance_spot_fixed_BTC_ETH_BNB|official_aggTrades|exchange_server_time|single_UTC_cutoff,real_required,"2026-10-04: Binance official public data-api.binance.vision serverTime and BTCUSDT/ETHUSDT/BNBUSDT aggTrades, same cutoff; raw source URLs and trade times/prices retained per member; crypto basket variant, not NYSE TICK",2026-10-04: tests/market_tick_test.rs; independently re-fetched three raw Binance responses at identical cutoff: up=1 down=0 unchanged=2 net=1; incomplete/stale/out-of-order rejected,2026-10-04: web/e2e/market-breadth.real.spec.ts live Chromium knowledge-card to data-practice flow verified with true provider-backed response and concept-specific visual; Binance-only preview also verified while US daily endpoint returns 503
total_return,总收益,风险-绩效,shared_market_result,crypto|cn_equity|us_equity,backtest|paper|compare,matched_result_bars|real_equity_curve,result_required,,,
tpo,TPO / Market Profile,成交量分布,shared_market_result,crypto|cn_equity|us_equity,data,documented_input_or_market_snapshot,evidence_required,,,
tracking_error,Tracking Error 跟踪误差,风险-绩效,shared_market_result,crypto|cn_equity|us_equity,backtest|paper|compare,matched_result_bars|real_strategy_returns|same_period_benchmark_returns,result_required,,,
trendline,趋势线,形态,shared_market_result,crypto|cn_equity|us_equity,data|backtest|compare,completed_ohlcv,real_required,,,
treynor,Treynor Ratio 特雷诺比率,风险-绩效,shared_market_result,crypto|cn_equity|us_equity,backtest|paper|compare,matched_result_bars|real_strategy_returns|same_period_benchmark_returns,result_required,,,
trin,TRIN / Arms Index,市场宽度,3_market_breadth,us_equity,data,fixed_dow30_2024_11_08|per_member_us_equity_daily_ohlcv|aligned_session_coverage_27_of_30,real_required,"2026-10-04: S&P DJI 2024-11-01 official constituent change; fixed 2024-11-08 Dow-30 names applied retrospectively; all 30 per-member Yahoo raw chart URLs and provenance captured in target/market-breadth-live-smoke.json, as_of=2026-10-02, coverage=30/30; not official historical index membership","2026-10-04: tests/market_breadth_api_test.rs and tests/breadth_contract_test.rs; independently re-fetched all 30 raw Yahoo responses: advances=17 declines=12 unchanged=1, up_volume=299193600 down_volume=231517500, new highs=1 new lows=1, TRIN=1.0962237327269033 and up/down ratio=1.292315267744339 match API; concept-specific warmup and P&F cases tested",2026-10-04: web/e2e/market-breadth.real.spec.ts live Chromium knowledge-card to data-practice flow verified with true provider-backed response and concept-specific visual
tsi,TSI 真实强度,动量,shared_market_result,crypto|cn_equity|us_equity,data|backtest|compare,completed_ohlcv,real_required,,,
turnover_rate,换手率,行情,shared_market_result,crypto|cn_equity|us_equity,data,documented_input_or_market_snapshot,evidence_required,,,
ulcer_index,Ulcer Index,波动率,shared_market_result,crypto|cn_equity|us_equity,data|backtest|compare,completed_ohlcv,real_required,,,
ultimate,Ultimate Oscillator,动量,shared_market_result,crypto|cn_equity|us_equity,data|backtest|compare,completed_ohlcv,real_required,,,
up_down_volume,上涨量 / 下跌量,市场宽度,3_market_breadth,us_equity,data,fixed_dow30_2024_11_08|per_member_us_equity_daily_ohlcv|aligned_session_coverage_27_of_30,real_required,"2026-10-04: S&P DJI 2024-11-01 official constituent change; fixed 2024-11-08 Dow-30 names applied retrospectively; all 30 per-member Yahoo raw chart URLs and provenance captured in target/market-breadth-live-smoke.json, as_of=2026-10-02, coverage=30/30; not official historical index membership","2026-10-04: tests/market_breadth_api_test.rs and tests/breadth_contract_test.rs; independently re-fetched all 30 raw Yahoo responses: advances=17 declines=12 unchanged=1, up_volume=299193600 down_volume=231517500, new highs=1 new lows=1, TRIN=1.0962237327269033 and up/down ratio=1.292315267744339 match API; concept-specific warmup and P&F cases tested",2026-10-04: web/e2e/market-breadth.real.spec.ts live Chromium knowledge-card to data-practice flow verified with true provider-backed response and concept-specific visual
var,VaR 风险价值,风险-绩效,shared_market_result,crypto|cn_equity|us_equity,backtest|paper|compare,matched_result_bars|real_return_series,result_required,,,
vega,Vega,期权,4_derivatives_chain_history,us_equity,data|compare,timestamped_option_chain|underlying_price,evidence_required,,,
vol_osc,Volume Oscillator,成交量,shared_market_result,crypto|cn_equity|us_equity,data|backtest|compare,completed_ohlcv,real_required,,,
volume_profile,Volume Profile 成交量分布,成交量分布,shared_market_result,crypto,data,server_fetched_binance_usdt_spot_recent_trades,real_required,,,
volume_ratio,量比,行情,shared_market_result,crypto|cn_equity|us_equity,data|backtest|compare,completed_ohlcv,real_required,,,
vr,VR 容量比率,成交量,shared_market_result,crypto|cn_equity|us_equity,data|backtest|compare,completed_ohlcv,real_required,,,
vroc,VROC 量能变化率,成交量,shared_market_result,crypto|cn_equity|us_equity,data|backtest|compare,completed_ohlcv,real_required,,,
vwap,VWAP,成交量,shared_market_result,crypto|cn_equity|us_equity,data|backtest|compare,completed_ohlcv,real_required,,,
vwap_price,均价,行情,shared_market_result,crypto|cn_equity|us_equity,data|backtest|compare,completed_ohlcv,real_required,,,
vwma,VWMA 成交量加权均线,趋势-均线,shared_market_result,crypto|cn_equity|us_equity,data|backtest|compare,completed_ohlcv,real_required,,,
williams_r,Williams %R,动量,shared_market_result,crypto|cn_equity|us_equity,data|backtest|compare,completed_ohlcv,real_required,,,
wma,WMA 加权移动平均,趋势-均线,shared_market_result,crypto|cn_equity|us_equity,data|backtest|compare,completed_ohlcv,real_required,,,
wvad,WVAD 威廉变异离散量,成交量,shared_market_result,crypto|cn_equity|us_equity,data|backtest|compare,completed_ohlcv,real_required,,,
z_score,Z-Score,统计,shared_market_result,crypto|cn_equity|us_equity,data|backtest|compare,completed_ohlcv,real_required,,,
zigzag,ZigZag,趋势,shared_market_result,crypto|cn_equity|us_equity,data|backtest|compare,completed_ohlcv,real_required,,,
